<?xml version="1.0" encoding="UTF-8"?>
<response>

<lst name="responseHeader">
  <int name="status">0</int>
  <int name="QTime">0</int>
  <lst name="params">
    <str name="q">邓亚萍多大时夺得了首个世界冠军？</str>
    <str name="indent">true</str>
    <str name="wt">xml</str>
  </lst>
</lst>
<result name="response" numFound="852500" start="0">
  <doc>
    <str name="id">450086</str>
    <str name="text">{{noteTA|G1=Table Tennis}}
{{MedalTableTop}}
{{MedalSport |女子[[乒乓球]]}}
{{MedalCountry | {{CHN}} }}
{{MedalCompetition|[[奧林匹克運動會]]}}
{{MedalGold | [[1992年夏季奧林匹克運動會|1992年巴塞隆納]] | [[1992年夏季奧林匹克運動會乒乓球比賽|女子雙打]]}}&lt;ref&gt;[http://v.youku.com/v_show/id_XNTI1NDI0NDg=.html 1992年巴塞罗那奥运会乒乓球女双决赛 乔红/邓亚萍vs陈子荷/高军]&lt;/ref&gt;
{{MedalSilver | [[1992年夏季奧林匹克運動會|1992年巴塞隆納]] | [[1992年夏季奧林匹克運動會乒乓球比賽|女子單打]]}}&lt;ref&gt;[http://space.tv.cctv.com/video/VIDE1208274517151180 1992年巴塞罗那奥运会乒乓球女单决赛 乔红vs邓亚萍]&lt;/ref&gt;
{{MedalGold | [[1996年夏季奧林匹克運動會|1996年亞特蘭大]] | [[1996年夏季奧林匹克運動會乒乓球比賽|女子雙打]]}}&lt;ref&gt;[http://v.youku.com/v_show/id_XNTMzNDYxMDA=.html 1996年亚特兰大奥运会乒乓球女双决赛 乔红/邓亚萍vs刘伟/乔云萍]&lt;/ref&gt;
{{MedalBronze | [[1996年夏季奧林匹克運動會|1996年亞特蘭大]] | [[1996年夏季奧林匹克運動會乒乓球比賽|女子單打]]}}&lt;ref&gt;[http://video.sina.com.cn/v/b/48387844-1963096672.html 1996年亚特兰大奥运会乒乓球女单半决赛 乔红vs陈静]&lt;/ref&gt;
{{MedalBottom}}

'''乔红'''（1968年11月21日&lt;ref&gt;[http://202.84.17.73/aoyun/ayjy/zg/pingpangqiu/1320261513.htm 乔红个人信息页]，新华体育&lt;/ref&gt;－），中国退役女子[[乒乓球]]运动员，曾任中国乒乓球女队教练，在[[北京体育大学]]攻读研究生。

1989年，乔红在[[世界乒乓球锦标赛]]中获女子单打冠军，同时和[[邓亚萍]]合作获得女子双打冠军。在其后很长一段时间内，邓亚萍和乔红在[[国际乒联]]的世界女子单打排名中分列第一和第二位。乔红在[[奥运会]]中获得一银一铜，同时和邓亚萍合作获得两枚女子双打金牌。

==生平==
[[湖北]][[武汉市]]人。7岁开始打乒乓球，被选入南垸坊小学乒乓球队。1980年进入湖北省乒乓球队。1987年底入选国家乒乓球队。1995年9月，与[[日本]][[松下电器]]公司签订为期两年的合同，从1996年3月起代表该公司参加[[日本]]国内比赛。1996年[[亚特兰大奥运会]]结束后，正式退出国家队，继续到日本松下电器公司打球。1997年6月回国参加第八届[[全运会]]。1998年与松下公司续签一年合同，出任日本松下电器队队员兼教练。2003年正式成为中国乒乓球女队教练。&lt;ref&gt;[http://sports.sohu.com/25/88/news212488825.shtml 国家乒乓球队在京集中 新教练入队乔红再次回归]，搜狐体育&lt;/ref&gt;现为广东乒乓球运动管理中心主任。

==排名==
　　1993年10月5日[[国际乒乓球联合会]]公布世界排名，列女子世界排名第2位｡&lt;br&gt;
　　1994年2月9日国际乒乓球联合会公布世界排名，列女子世界排名第2位｡&lt;br&gt;
　　1995年9月6日国际乒乓球联合会公布世界排名，列女子世界排名第2位｡&lt;br&gt;
　　1996年3月26日根据国际乒乓球联合会公布的最新世界排名，以1740分列女子世界排名第2位｡&lt;br&gt;
　　1996年6月21日在国际乒乓球联合会公布的女子单打世界排名中，列第2位｡&lt;br&gt;
　　1997年7月15日在国际乒乓球联合会公布的女子单打最新世界排名中，列第2位｡&lt;br&gt;

==主要战绩==
　　1989年，在第40届[[世界乒乓球锦标赛]]上，获女子单打冠军；并与[[邓亚萍]]合作，获女子双打冠军；与队友合作，夺得女子团体冠军。&lt;br&gt;
　　1991年，在第41届世界乒乓球锦标赛上，与队友合作，夺得女子团体亚军；与邓亚萍合作，夺得女双亚军。&lt;br&gt;
　　1991年，在第2届世界杯乒乓球赛上，与队友合作，夺得女子团体冠军。&lt;br&gt;
　　1992年，在西班牙巴塞罗那举行的第25届奥运会上，获得女子单打亚军；与邓亚萍合作，获得女子双打冠军。&lt;br&gt;
　　1993年，在第42届世界乒乓球锦标赛上，与邓亚萍合作，获女子双打亚军；与队友合作，夺得女子团体冠军。&lt;br&gt;
　　1994年4月，在[[全国乒乓球精英锦标赛]]上获女子单打亚军。&lt;br&gt;
　　1994年6月，在[[韩国]][[汉城]]举行的第2届[[东亚韩国乒乓球大奖赛]]上，与乔云萍合作夺得女子双打冠军。&lt;br&gt;
　　1994年8月，在[[全国乒乓球锦标赛]]上，与邓亚萍合作，夺得女子双打冠军。&lt;br&gt;
　　1994年10月，在日本[[广岛]]举行的第12届亚运会上，与队友合作，夺得女子团体冠军；与邓亚萍合作，夺得女子双打亚军；个人夺得女子单打季军。&lt;br&gt;
　　1994年10月31日，获1994年亚洲女子乒乓球明星赛单打冠军。&lt;br&gt;
　　1994年12月，在[[中国]][[上海]]举行的[[亚洲杯乒乓球赛]]中夺得女子单打冠军。&lt;br&gt;
　　1995年5月7日，在中国[[天津]]举行的第43届世界乒乓球锦标赛上，与队友合作，为中国女子乒乓球队夺得女子团体冠军；个人夺得女子单打亚军；与邓亚萍合作，夺得女子双打冠军。&lt;br&gt;
　　1995年8月，在美国亚特兰大举行的第四届世界杯乒乓球团体赛上，与队友合作，获女团冠军。&lt;br&gt;
　　1995年9月20日，在武汉举行的全国乒乓球锦标赛中，与邓亚萍合作，夺得女子双打冠军。&lt;br&gt;
　　1996年4月，在[[中国乒协杯赛]]上，与邓亚萍合作，夺得女子双打冠军。&lt;br&gt;
　　1996年7月29日，在[[美国]][[亚特兰大]]举行的[[1996年夏季奥林匹克运动会|第26届奥运会]]女子双打比赛中，与邓亚萍合作，获冠军；7月31日，在女子单打比赛中，半决赛0:3负于[[陈静　(乒乓球运动员)|陈静]]，铜牌战战胜队友[[刘伟　(乒乓球运动员)|刘伟]]获第三名。

==参考资料==
{{reflist}}

{{奥林匹克运动会乒乓球女子双打冠军}}
{{世界乒乓球锦标赛女子单打冠军}}
{{世界乒乓球锦标赛女子双打冠军}}
{{世界杯乒乓球赛女子双打冠军}}
{{中国乒乓球}}
{{DEFAULTSORT:Qiao Hong}}
[[Category:中国退役乒乓球运动员]]
[[Category:中国奥林匹克运动会金牌得主]]
[[Category:中国乒乓球教练]]
[[Category:乔姓|Hong]]
[[Category:中国奥林匹克运动会银牌得主]]
[[Category:中国奥林匹克运动会铜牌得主]]
[[Category:1992年奧林匹克運動會獎牌得主]]
[[Category:1996年奧林匹克運動會獎牌得主]]
[[Category:武汉籍运动员]]</str>
    <str name="title">乔红</str>
    <str name="titleText">乔红</str>
    <str name="user">Berthe</str>
    <int name="userId">571245</int>
    <int name="revision">31872114</int>
    <date name="timestamp">2014-07-12T11:25:29Z</date>
    <long name="_version_">1484748669720723458</long></doc>
  <doc>
    <str name="id">450081</str>
    <str name="text">{{noteTA|G1=Table Tennis}}
{{Infobox_People
|name = 邓亚萍
|image name = 
|width = 
|job = 乒乓球運動員
|period = 
|birthname =
|other_names =
|Sex = 女
|date of birth = {{birth_date_and_age|1973|2|5}}
|place of birth = {{PRC}}[[河南省]][[郑州市]]
|nationality ={{CHN}}
|party = {{CPC}}[[File:China_Flag_CCYL.svg|25px]][[共青团]]
|religion =
|residence ={{PRC}}[[北京]][[东城区 (北京市)|东城区]][[龙潭湖]]
|spouse = [[林志刚]]
|relatives =兒子林瀚铭
|educate = 

[[清华大学]]英语专业学士学位
&lt;span style="color: blue;"&gt;(1997-2001)&lt;/span&gt;

[[诺丁汉大学]]中国当代研究专业的硕士学位
&lt;span style="color: blue;"&gt;(2001-2002)&lt;/span&gt;

[[剑桥大学]][[土地经济学]]专业博士学位
&lt;span style="color: blue;"&gt;(2006-2008)&lt;/span&gt;

| past = 

| work =

[[北京申奥]]团成员 &lt;span style="color: blue;"&gt;(2001)&lt;/span&gt;

[[国际奥委会]]道德委员会以及运动和环境委员会委员 &lt;span style="color: blue;"&gt;(2002)&lt;/span&gt;

[[北京奥组委]][[奥运村]]部副部长 &lt;span style="color: blue;"&gt;(2008)&lt;/span&gt;

[[共青團]]北京市委副書記 &lt;span style="color: blue;"&gt;(2009)&lt;/span&gt;

[[人民日报]]社副秘书长、[[人民搜索]]总经理&lt;span style="color: blue;"&gt;(2010)&lt;/span&gt;

|award =

[[世界乒乓球锦标赛]]女双冠军；

&lt;span style="color: blue;"&gt;(1989)&lt;/span&gt;

世界杯团体赛冠军；

&lt;span style="color: blue;"&gt;(1990)&lt;/span&gt;

[[世界乒乓球锦标赛]]女单冠军，女团、女双亚军，世界杯团体赛冠军；

&lt;span style="color: blue;"&gt;(1991)&lt;/span&gt;

世界杯双打赛冠军；

&lt;span style="color: blue;"&gt;(1992)&lt;/span&gt;

[[世界乒乓球锦标赛]]女双亚军、女团冠军；

&lt;span style="color: blue;"&gt;(1993)&lt;/span&gt;

第24届奥运会女单、女双冠军；

&lt;span style="color: blue;"&gt;(1994)&lt;/span&gt;

[[世界乒乓球锦标赛]]女单、女双、女团冠军，混双亚军，世界杯团体赛冠军；

&lt;span style="color: blue;"&gt;(1994)&lt;/span&gt;

第25届奥运会女单、女双冠军，国际乒联总决赛女单、女双冠军，世界杯女单冠军；

&lt;span style="color: blue;"&gt;(1996)&lt;/span&gt;

[[世界乒乓球锦标赛]]女单、女双、女团冠军，混双亚军。 

&lt;span style="color: blue;"&gt;(1997)&lt;/span&gt;
}}
{{MedalTableTop}}
{{MedalSport | 女子[[乒乓球]]}}
{{MedalCountry | {{CHN}} }}
{{MedalCompetition|[[奧林匹克運動會]]}}
{{MedalGold | [[1992年夏季奧林匹克運動會|1992年巴塞隆納]] | [[1992年夏季奧林匹克運動會乒乓球比賽|單打]]}}&lt;ref&gt;[http://space.tv.cctv.com/video/VIDE1208274517151180 1992年巴塞罗那奥运会乒乓球女单决赛]&lt;/ref&gt;
{{MedalGold | [[1992年夏季奧林匹克運動會|1992年巴塞隆納]] | [[1992年夏季奧林匹克運動會乒乓球比賽|雙打]]}}&lt;ref&gt;[http://v.youku.com/v_show/id_XNTI1NDI0NDg=.html 1992年巴塞罗那奥运会乒乓球女双决赛]&lt;/ref&gt;
{{MedalGold | [[1996年夏季奧林匹克運動會|1996年亞特蘭大]] | [[1996年夏季奧林匹克運動會乒乓球比賽|單打]]}}&lt;ref&gt;[http://v.youku.com/v_show/id_XNTMzNDYxMjA=.html 1996年亚特兰大奥运会乒乓球女单决赛]&lt;/ref&gt;
{{MedalGold | [[1996年夏季奧林匹克運動會|1996年亞特蘭大]] | [[1996年夏季奧林匹克運動會乒乓球比賽|雙打]]}}&lt;ref&gt;[http://v.youku.com/v_show/id_XNTMzNDYxMDA=.html 1996年亚特兰大奥运会乒乓球女双决赛]&lt;/ref&gt;
{{MedalBottom}}

'''邓亚萍'''{{BD|1973年|2月5日|catIdx=Deng Yaping}}[[河南]][[郑州]]人，人民日报社副秘书长, 是一名退役女[[乒乓球]]运动员。从1990年至1997年，她占据[[国际乒联]]的世界女子排行榜首位8年之久。

== 生平 ==
邓亚萍16岁时就夺得了首个世界冠军。从1989年到1997年，她获得了6次[[世界乒乓球锦标赛]]冠军和4枚[[奥运会]][[金牌]]。早期打球時的口頭禪是：“漂亮！”

1997年退役之后，邓亚萍在[[清华大学]]获得学士学位，[[诺丁汉大学]]获得硕士学位。2006年她开始在[[剑桥大学]]（[[剑桥大学耶稣学院]])攻读博士学位，并于2008年11月29日获得剑桥大学[[土地经济学]] (Land Economics)博士学位。她的博士答辩论文的题目是：The impact of the Olympic Games on Chinese development: A multi-disciplinary analysis（奥林匹克运动会对中国发展的影响：多领域分析）。她说：“当时是这样一个梦想，但觉得自己没有这个机会。后来真的在剑桥读博士，也确实付出了非常多的代价。回过头来想，是非常值得的。对11年的求学生涯作个总结，我觉得只要敢想，并且脚踏实地去作，你还是可以成功的。”&lt;ref&gt;[http://news.xinhuanet.com/sports/2008-11/30/content_10432366.htm 邓亚萍十年圆梦 戴博士帽如拿奥运金牌一样激动]&lt;/ref&gt;

1997年，邓亚萍成为[[国际奥委会]]道德委员会的一名代表。2003年，邓亚萍入选[[国际乒联]]名人堂。

2009年4月，邓亚萍就任共青团北京市委副书记。&lt;ref&gt;[http://www.yicai.com/news/2010/09/412952.html 人民搜索高管证实邓亚萍将出任总裁]&lt;/ref&gt;2010年10月，邓亚萍出任[[人民日报]]社副秘书长、人民搜索总经理。她随后接受媒体采访时称“[[百度]]现在是众矢之的，地位和我那时候打球的感觉一样，第一和第二差距比较远。”她表示，百度应该学习中国乒乓球队的养狼计划，让对手强大起来再去打败，“我们本身代表的是国家，你不用打败我们，你应该多帮助我们，多给我们出主意。我们最重要的不是赚钱，而是履行国家职责。”&lt;ref&gt;[http://www.yicai.com/news/2010/12/632829.html 邓亚萍:重要的不是赚钱,是履行国家职责]&lt;/ref&gt;后又传其称“人民日报62年来没有假新闻”，这些言论都引起了争议。&lt;ref&gt;[http://www.ycwb.com/ePaper/ycwb/html/2010-12/26/content_1003567.htm 邓亚萍们的言论与心态]&lt;/ref&gt;&lt;ref&gt;[http://view.shangdu.com/news/2010/12/23/%20105_159483.shtml 世界冠军邓亚萍博士知不知道哪里是北]&lt;/ref&gt;之后新闻表明她在试图为人民网打造“搜索国家队”引擎失败，“败光了”20亿。&lt;ref&gt;http://roll.sohu.com/20140328/n397386875.shtml&lt;/ref&gt;

==家庭==
邓亚萍2004年与乒乓球运动员[[林志刚]]结婚，2006年在[[法国]][[巴黎]]产下一子。

==参考文献==
{{Reflist}}

==外部链接==
*[http://sports.sina.com.cn/star/deng_yaping/ 新浪资料]
*[http://www.olympic.cn/athletes/search_D/2003-11-03/3523.html 中国奥委会资料]
*[http://www.landecon.cam.ac.uk/courses/postgradstudy/introduction.htm#phd 剑桥大学土地经济系]

==参见==
*[[乔红]]

{{奥林匹克运动会乒乓球女子单打冠军}}
{{奥林匹克运动会乒乓球女子双打冠军}}
{{世界乒乓球锦标赛女子单打冠军}}
{{世界乒乓球锦标赛女子双打冠军}}
{{世界杯乒乓球赛女子单打冠军}}
{{世界杯乒乓球赛女子双打冠军}}
{{中国乒乓球}}

{{DEFAULTSORT:Deng Yaping}}
[[Category:中国退役乒乓球运动员]]
[[Category:清華大學校友]]
[[Category:剑桥大学耶稣学院校友]]
[[Category:郑州人]]
[[Category:邓姓|Yaping亚萍]]
[[Category:中国奥林匹克运动会金牌得主]]
[[Category:1992年奧林匹克運動會獎牌得主]]
[[Category:1996年奧林匹克運動會獎牌得主]]
[[Category:人民日报社]]</str>
    <str name="title">邓亚萍</str>
    <str name="titleText">邓亚萍</str>
    <int name="revision">30846417</int>
    <date name="timestamp">2014-03-29T20:10:05Z</date>
    <long name="_version_">1484748669719674882</long></doc>
  <doc>
    <str name="id">2974218</str>
    <str name="text">{{noteTA|G1=Table Tennis}}
'''中国国家乒乓球队'''，[[中国内地]]简称“'''国乒'''”，为代表[[中华人民共和国]]參加[[乒乓球]]国际间团体比賽的体育之队，由[[中国乒乓球协会]]管理，组建于1952年，分为男女两支队伍。

中国国家乒乓球队，是历史上最成功的乒乓球队，被公认为乒乓球领域的“梦之队”，其夺得冠军的次数位居中国所有体育国家队之最。[[中华人民共和国]]历史上第一个男女子世界冠军皆出自乒乓球队（[[容国团]]于第25届世乒赛夺得的男单冠军，[[邱钟惠]]于第26届世乒赛夺得的女单冠军）。同时，中国国家乒乓球队还是中美著名的外交事件“[[乒乓外交]]”的主要参与者，留下了“小球推动大球”的佳话。

== 历任总教练 ==
*中国国家乒乓球队自1971年起设立总教练一职，多由男队主教练兼任，但曾出现该职位空缺的情况。&lt;ref&gt;[http://v.youku.com/v_show/id_XNTI4NDY5NzQ0.html 【乒乓王国】中国乒乓球队历任总教练]&lt;/ref&gt;

{| class="wikitable"
|-
!width=50 |
!width=300 |姓名
!width=150 |任期
|-
!1
|[[徐寅生]]
|1971年 - 1975年
|-
!2
|[[李富荣　(乒乓球运动员)|李富荣]]
|1975年 - 1983年
|-
!3
|[[许绍发]]
|1983年 - 1989年
|-
!4
|[[蔡振华]]
|1997年 - 2005年
|-
!5
|[[刘国梁]]
|2013年 -
|-
|}

== 队伍概况 ==
=== 男子 ===
==== 历任主教练 ====
{| class="wikitable"
|-
!width=50 |
!width=300 |姓名
!width=150 |任期
|-
!1
|[[梁焯辉　(乒乓球教练)|梁焯辉]]
|1952年 - 1958年
|-
!2
|[[傅其芳]]
|1958年 - 1965年
|-
!3
|[[徐寅生]]
|1970年 - 1975年
|-
!4
|[[李富荣　(乒乓球运动员)|李富荣]]
|1975年 - 1983年
|-
!5
|[[许绍发]]
|1983年 - 1989年
|-
!6
|[[郗恩庭]]
|1989年 - 1991年
|-
!7
|[[蔡振华]]
|1991年 - 2003年
|-
!8
|[[刘国梁]]
|2003年 - 
|}

==== 球队历史 ====
===== 从起步到辉煌（1953年—1965年） =====
早期的中国男队以从香港返回内地的[[傅其芳]]、[[姜永宁]]等华侨为核心，在1953年首次亮相国际赛场，参加了[[1953年世界乒乓球锦标赛|第20届世乒赛]]，取得男团第十名。此后几届世乒赛，中国男队逐渐进步，于第23、24和25届世乒赛皆取得男团第三名。随着前[[香港]]队名将[[容国团]]的加入，以及[[徐寅生]]、[[李富荣　(乒乓球运动员)|李富荣]]和[[庄则栋]]等好手的日趋成熟，中国男队自1960年代开始，成为了一支世界级劲旅。1959年[[1959年世界乒乓球锦标赛|第25届世乒赛]]，容国团在男单决赛中击败[[匈牙利]]选手[[费伦奇·西多|西多]]，成为首位夺得世界冠军的[[中华人民共和国]]运动员。1961年，[[1961年世界乒乓球锦标赛|第26届世乒赛]]被安排在[[北京]]举办，由[[容国团]]、[[王传耀]]、[[徐寅生]]、[[庄则栋]]、[[李富荣　(乒乓球运动员)|李富荣]]组成的中国男队，于男团决赛中5：3击败曾长期称霸世界乒坛的[[日本]]男队，首次夺得[[斯韦思林杯]]。从本届世乒赛开始，绰号“小老虎”的[[庄则栋]]成为了中国男队的旗帜。他在第26届、第27届和第28届世乒赛上，实现了男单三连冠，成为第一位获得[[圣勃莱德杯]]复制品的中国选手。1965年[[1965年世界乒乓球锦标赛|第28届世乒赛]]，庄则栋一人包揽男团、男单、男双三项冠军。

===== 欧亚对抗（1971年—1981年） =====
1966年后，中国国内“[[文化大革命]]”爆发。受这场动乱影响，中国男乒缺席了两届世乒赛，直到1971年才重返世乒赛舞台。此时的世界乒坛与六年前相比发生了很大变化。欧洲球队的[[弧圈球]]技术日渐成熟，给中国传统的直板快攻打法带来巨大冲击，[[瑞典]]、[[匈牙利]]等队逐渐成为中国男队的有力挑战者。而中国男队在昔日名将[[徐寅生]]带领下，依靠[[庄则栋]]、[[李富荣　(乒乓球运动员)|李富荣]]等老将，以及[[梁戈亮]]、[[郗恩庭]]、[[许绍发]]等新人的出色发挥，维持了昔日作为世界劲旅的水平。国际乒坛从此形成了“欧亚对抗”的格局。

1979年[[1979年世界乒乓球锦标赛|第35届世乒赛]]，中国男队遭遇滑铁卢，男团决赛负于阔别冠军已有27年的匈牙利队，男单冠军也被日本选手夺得。只有[[梁戈亮]]在混双比赛中，与[[葛新爱]]配合获得冠军。两年后的[[1981年世界乒乓球锦标赛|第36届世乒赛]]，时任中国男队主教练[[李富荣　(乒乓球运动员)|李富荣]]，启用了[[谢赛克]]、[[蔡振华]]、[[施之皓]]等新人，此举最终收到了奇效。由新人挑起大梁的中国男队，于男团决赛成功复仇，以5：2击败匈牙利队，重新夺回斯韦思林杯。而本届比赛中，中国男队与女队首次包揽世乒赛七项冠军，迎来了历史上的第一个黄金时期。

===== 中瑞对抗（1983年—2000年） =====
随着日本队于1980年代彻底没落，中国男队成为了亚洲球队的代表。而瑞典男队也取代了日渐老化的匈牙利队，与中国男队拉开了长达二十年的争霸序幕。在[[许绍发]]执掌中国男队教鞭后，中国队的直板快攻技术发展到了顶峰。[[郭跃华]]、[[江嘉良]]两代以直板快攻技术著称的名将，连续四届将男单冠军收入囊中。而中国男队也连续在第37、38和39届三届世乒赛的男团决赛中挫败瑞典队。然而，第40届世乒赛成为两队实力对比发生扭转的分水岭。以[[瓦尔德内尔]]、[[约尔根·佩尔森|佩尔森]]和[[埃里克·林德|林德]]等人为核心的瑞典男队，在男团决赛中5：0横扫中国男队。随后的单项比赛中，中国男队颗粒无收，连混双冠军也未能获得。本届比赛后，中国男队进入了长达六年的低谷期。由于[[江嘉良]]、[[陈龙灿]]等一批老将先后退役，中国男队一度陷入无人可用的境地，全队仅有[[马文革]]一人能与欧洲选手抗衡。1991年[[1991年世界乒乓球锦标赛|第41届世乒赛]]，中国男队于男团八强战中负于[[捷克斯洛伐克]]队，其后又在排位赛中负于朝韩联队，仅在最后一战击败日本队，获得第七名，创下了自[[容国团]]于1959年夺冠以来男团最差战绩。&lt;ref name="中瑞"&gt;[http://v.youku.com/v_show/id_XMzc2NDgwODc2.html 【乒乓王国】中瑞对抗20年]&lt;/ref&gt;这次惨痛失利导致主教练[[郗恩庭]]引咎辞职，由从[[意大利]]归来的[[蔡振华]]接替其位置。

蔡振华上任以后，决定将战略重点放在双打项目上。[[1992年巴塞罗那奥运会]]，[[王涛　(乒乓球运动员)|王涛]]/[[吕林]]在男双比赛艰难战胜德国选手夺冠，次年又在[[1993年世界乒乓球锦标赛|第42届世乒赛]]上夺冠。另一方面，蔡振华大力推进对横板选手的培养，以及对直板技术的革新，同时着重培养年轻选手，为中国男队在日后的复兴奠定了基础。&lt;ref name="中瑞"/&gt;

1995年，[[1995年世界乒乓球锦标赛|第43届世乒赛]]在[[中国]][[天津]]举行。[[蔡振华]]所率领的中国男队，于男团决赛再遇瑞典队。[[蔡振华]]让人出乎意料地在第三场派上削球手[[丁松]]，对阵瑞典第三单打[[彼得·卡尔松|卡尔松]]，从而成功地拿下关键的一分。最终，中国男队以3：2战胜瑞典队，夺回了阔别六年的[[斯韦思林杯]]，成功地走出了低谷。本届比赛也被中国球迷誉为中国男乒的“翻身仗”。&lt;ref name="中瑞"/&gt;单项比赛中，携重夺男团冠军的余威，中国选手包揽了男单前四名，以及摘得了男双、混双冠军，历史上第二次与女队一同包揽世乒赛七个单项冠军。随后的[[1996年亚特兰大奥运会]]，中国男队同样包揽了男单和男双两个单项的冠亚军。1999年，刘国梁夺得[[1999年世界乒乓球锦标赛|第45届世乒赛]]男单冠军，同时成就了个人“大满贯”，成为第一位囊括乒乓球三大赛（[[奥林匹克运动会乒乓球比赛|奥运会]]、[[世界乒乓球锦标赛|世乒赛]]、[[乒乓球世界杯|世界杯]]）男单冠军的中国男子选手。&lt;ref name="大满贯"&gt;[http://s.sohu.com/20111107/n324805330.shtml 【乒乓王国】预测下一个男单大满贯]&lt;/ref&gt;由于瑞典队人员的老化和后备力量的青黄不接，中瑞对抗也走到了尽头。虽然瑞典队在2000年爆冷击败中国队，重夺男团冠军，但在[[2000年悉尼奥运会]]的男单决赛上，中国的[[孔令辉]]3：2力克[[瓦尔德内尔]]，标志着两队长达二十年的争霸战就此结束。[[孔令辉]]也凭借此战的胜利，成为第二位实现“[[大满贯]]”的中国选手。&lt;ref name="大满贯"/&gt;

===== 乒坛霸主（2000年—） =====
2000年后，世界乒坛进入“大球时代”。由于主要对手瑞典队的没落，以及后备力量的雄厚，中国男队正式确立了在世界乒坛的霸主地位。从2000年至2010年的十年间，中国男队仅让2003年[[2003年世界乒乓球锦标赛|第47届世乒赛]]男单冠军和2004年[[2004年夏季奥林匹克运动会乒乓球比赛|雅典奥运会]]男单冠军旁落，团体比赛更是从未落败。[[马琳]]、[[王皓]]和[[王励勤]]在[[刘国梁]]、[[孔令辉]]相继退役后，成为了中国男队在21世纪前十年的中坚力量。[[马琳]]和[[王励勤]]两人曾轮流占据男单世界排名第一位长达70个月。因此，该时期被球迷称为“马王时代”。[[2008年夏季奥林匹克运动会乒乓球比赛|2008年北京奥运会]]，[[马琳]]、[[王皓]]和[[王励勤]]三人先合力夺得男团冠军，后在单打比赛中包揽了前三名，创下了奥运会纪录。此后，随着马琳状态下滑，王励勤逐渐淡出，中国男队的主力阵容在2010年后更新换代，[[马龙　(乒乓球运动员)|马龙]]、[[张继科]]和[[许昕]]等新人开始崭露头角。2011年至2012年间，[[张继科]]在16个月内接连取得三大赛的男单冠军，创下了实现这一目标的最快纪录。&lt;ref&gt;[http://2012.qq.com/a/20120809/000658.htm 乒乓男团胜韩国成功卫冕 国乒王者地位难撼动].腾讯体育.2012-08-09&lt;/ref&gt;

=== 女子 ===
==== 历任主教练 ====
{| class="wikitable"
|-
!width=50 |
!width=300 |姓名
!width=150 |任期
|-
!1
|[[容国团]]
|1963年 - 1965年
|-
!2
|[[张燮林]]
|1972年 - 1995年
|-
!3
|[[陆元盛]]
|1995年 - 2000年&lt;br&gt;2003年 - 2005年
|-
!4
|[[李晓东　(乒乓球教练)|李晓东]]
|2000年 - 2003年
|-
!5
|[[施之皓]]
|2005年 - 2013年
|-
!6
|[[孔令辉]]
|2013年 - 
|-
|}

==== 球队历史 ====
===== 摸索期（1953年—1965年） =====
中国女队于1953年首次参加[[世乒赛]]，获得乙级队第三名。在缺席了第21届、第22届两届世乒赛后，中国女队于[[1957年世界乒乓球锦标赛|第23届世乒赛]]获第6名。[[1958年世界乒乓球锦标赛|第25届]]和[[1959年世界乒乓球锦标赛|第26届]]世乒赛，中国女队连续两届取得第三名，逐渐成长为能与[[日本]]、[[罗马尼亚]]等世界强队抗衡的劲旅。1961年[[1961年世界乒乓球锦标赛|第27届世乒赛]]，借助主场之利的中国女队首次打入女团决赛，但惜败于日本队。而队中的[[邱钟惠]]则在女单比赛中发挥神勇，于决赛中击败[[匈牙利]]的[[高基安]]，首次为中国女队夺得冠军，这亦是[[中华人民共和国]]历史上第一个女子世界冠军。两年后的[[1963年世界乒乓球锦标赛|第28届世乒赛]]，中国女队再次向冠军发起冲击，但在半决赛败于[[罗马尼亚]]队，又一次铩羽而归。[[容国团]]就任女队主教练后，他大胆启用新人，在[[1965年世界乒乓球锦标赛|第29届世乒赛]]中派上[[梁丽珍]]、[[李赫男]]、[[郑敏之]]和[[林慧卿]]四名年轻选手，最终在女团决赛3：0战胜日本队，历史上首夺[[考比伦杯]]。

===== 独霸乒坛（1971年—1989年） =====
受[[文革]]影响，中国女队自1966年后便与国际赛场隔绝，直到1971年才宣告重返。此时的女子乒坛，欧洲队全线没落，[[日本]]、[[韩国]]和[[朝鲜]]等亚洲队伍成为了中国队在此后20年间的主要对手。1971年[[1971年世界乒乓球锦标赛|第31届世乒赛]]，重返国际赛场的中国女队于女团决赛中不敌[[日本队]]，但队中的[[林慧卿]]成为该届比赛的最大亮点，她一人夺得女单、女双和混双冠军三项冠军。从[[1975年世界乒乓球锦标赛|第33届]]到[[1989年世界乒乓球锦标赛|第40届]]世乒赛，中国女队从未让女团冠军旁落，实现了女团冠军的八连冠，创造了连续夺冠次数最多的纪录。从1971年到1989年，世乒赛的女单冠军，除了[[1975年世界乒乓球锦标赛|第33届]]和[[1977年世界乒乓球锦标赛|第34届]]由[[朝鲜]]选手[[朴英顺]]夺得外，其余全部被中国选手所获得。中国女队凭借这一时期的辉煌成绩，一举确立其乒坛霸主的地位。

===== 邓亚萍时代（1991年—1997年） =====
1980年代后期，中国女队在巩固其霸主地位的同时，也遭遇到一系列的挑战。1991年[[1991年世界乒乓球锦标赛|第41届世乒赛]]，[[乔红]]、[[邓亚萍]]、[[高军]]和[[陈子荷]]领衔的中国女队于女团决赛爆冷负于朝韩联队，无缘九连冠。此后几年，朝鲜队和韩国队成为中国女队的头号强敌，它们的[[玄静和]]、[[洪次玉]]、[[李粉姬]]、[[俞顺福]]皆给中国选手带来极大麻烦。

从本届世乒赛开始，中国女队进入了“邓亚萍时代”。自进入国家队以来，邓亚萍为中国女队夺得两个奥运会单打和双打冠军，三个世乒赛单打和双打冠军，以及一个世界杯女单冠军和一个女双冠军。1996年，邓亚萍成为第一位囊括乒乓球三大赛女单冠军的运动员，职业生涯的18个世界冠军头衔，让其被誉为“乒坛女皇”。&lt;ref name="大满贯"/&gt;

===== 王楠时代（1997年—2003年） =====
从1990年代中期开始，由于朝鲜半岛的主要对手相继退役，中国女队的主要对手转变为“海外兵团”选手。“海外兵团”指早期在中国国内体制下接受训练，后来通过更改国籍等方式，为世界上其它国家或地区效力的选手。较有名气的有[[小山智丽]]、[[陈静　(乒乓球运动员)|陈静]]、[[井浚泓]]、[[李佳薇]]等人，虽然她们无法对整体实力雄厚的中国女队造成巨大威胁，但也不时给中国选手带来麻烦。[[1993年世界乒乓球锦标赛|第42届世乒赛]]，[[井浚泓]]和[[施婕]]淘汰了[[邓亚萍]]和[[乔红]]，使中国女队罕见地失去了世乒赛女单冠军。[[1996年夏季奥林匹克运动会乒乓球比赛|1996年亚特兰大奥运会]]，[[陈静　(乒乓球运动员)|陈静]]代表[[中华台北]]，于半决赛横扫[[乔红]]杀人女单决赛，获得亚军。四年后，她再次杀入奥运会女单半决赛，获得铜牌，成为最具传奇色彩的海外兵团选手。

1997年，邓亚萍于[[1997年世界乒乓球锦标赛|第44届世乒赛]]后退役，其后的中国女队由[[王楠]]接过领袖的大旗。从[[1999年世界乒乓球锦标赛|第45届世乒赛]]开始，[[王楠]]基本包揽了所有重要国际大赛的女单冠军，成为继[[邓亚萍]]之后的又一位“乒坛女皇”。直到[[2002年亚洲运动会乒乓球比赛|2002年釜山亚运会]]，由于赛制的改革及自身状态不佳，[[王楠]]领衔的中国女队负于黑马朝鲜队，一度让其饱受指责。然而一年后的[[2003年世界乒乓球锦标赛|第47届世乒赛]]，[[王楠]]不仅实现了女单“三连冠”，还和[[马琳]]合作夺得混双冠军，完成了囊括三大赛所有比赛冠军的“全满贯”。&lt;ref name="大满贯"/&gt;&lt;ref&gt;[http://sports.163.com/08/0927/15/4MRVA6VC00051L23.html 王楠体育生涯全回顾 连续三届奥运斩金共夺24冠].网易体育.2008-09-27&lt;/ref&gt;

===== 张怡宁时代（2004年—2009年） =====
[[2004年夏季奥林匹克运动会乒乓球比赛|2004年雅典奥运会]]成为[[王楠]]职业生涯的分水岭，她在女单比赛中负于[[新加坡]]选手[[李佳薇]]，止步八强。而本届赛事成为另一位“乒坛女皇”－[[张怡宁]]称霸女子乒坛的起点。她在本届比赛中顶着压力夺得女单金牌，另外还与[[王楠]]合作夺得女双金牌，成为奥运会历史上第三位乒乓球女子“双冠王”。其后，[[张怡宁]]步入了职业生涯的巅峰期。她于2005年连夺女子世界杯和世乒赛女单冠军，正式确立其在女队的核心地位。虽然张怡宁于2006年至2007年间，风头一度被[[郭跃]]、[[李晓霞]]等新人盖过，但仍在2008年顺利取得[[2008年夏季奥林匹克运动会乒乓球比赛|北京奥运会]]参赛资格，并且连获女团和女单两项冠军。2009年[[张怡宁]]再度问鼎世乒赛女单冠军，取得了职业生涯第19个世界冠军头衔，超越了拥有18个的[[邓亚萍]]，仅次于拥有24个的[[王楠]]，位列历史第二位。&lt;ref name="大满贯"/&gt;&lt;ref&gt;[http://sports.163.com/11/0401/09/70I04C0700051C8M_2.html 张怡宁正式退役结束一个时代 20年职业生涯辉煌].中国新闻网.2011-04-01&lt;/ref&gt;

===== 女子技术男性化时代（2009年—） =====
随着王楠、张怡宁先后退役和淡出，中国女队进入由[[郭跃]]、[[李晓霞]]、[[郭焱]]等中生代球员，及[[丁宁]]、[[刘诗雯]]等九十后新人争相斗艳的时代。但是，缺少绝对核心的中国女队，却在2010年[[2010年世界乒乓球团体锦标赛|第50届世乒赛]]女团决赛中付出了沉重代价，她们以1：3败于新加坡队，近20年间首次遭遇团体赛失利。&lt;ref&gt;[http://www.cnr.cn/allnews/201005/t20100531_506503634.html 世乒赛：中国男乒五连冠 女乒折戟莫斯科].中国新闻网.2010-05-31&lt;/ref&gt;尽管如此，女队教练[[施之皓]]仍旧坚持女队技术男性化的发展方针，加强对女子选手力量及前三板威力上的训练。中国女队于2011年[[2011年世界乒乓球锦标赛|第51届世乒赛]]中一扫一年前的阴霾，再度包揽所有单项的冠军。曾经历过惨败的新人也表现不俗，丁宁在一年间连夺世乒赛和世界杯女单冠军。2012年年初的世乒赛团体赛，中国女队成功复仇，于决赛中击败新加坡队，重夺[[考比伦杯]]。同年的[[2012年夏季奥林匹克运动会乒乓球比赛|伦敦奥运会]]，中国女队又一次包揽两项冠军。[[李晓霞]]还夺得了女单冠军，成为第四位奥运会女子乒乓球“双冠王”。&lt;ref&gt;[http://www.qianhuaweb.com/content/2013-01/25/content_3730887.htm 李晓霞 中国女乒新“一姐”].千华网.2013-01-25&lt;/ref&gt;2013年，李晓霞于[[2013年世界乒乓球锦标赛|第52届世乒赛]]女单决赛中击败刘诗雯，成为继[[邓亚萍]]、[[王楠]]和[[张怡宁]]之后，第四位实现乒乓球“大满贯”的女子运动员。

== 奥运会奖牌一览 ==
{| class="wikitable sortable" align=center  
|-
! width=60px|年份 
! width=300px|運動員 
! width=300px|比賽項目 
! width=90px|獎牌
|- align=center
| rowspan="5" | [[1988年夏季奧林匹克運動會乒乓球比賽|1988年]] || [[陈龙灿]]，[[韦晴光]] || 男子双打 ||bgcolor=gold| '''[[金牌]]''' [[File:Med_1.png|金牌]] 
|- align=center
| [[陳靜 (乒乓球運動員)|陳靜]] || 女子单打 ||bgcolor=gold| '''[[金牌]]''' [[File:Med_1.png|金牌]] 
|- align=center
| [[陳靜 (乒乓球運動員)|陳靜]]，[[焦志敏]] || 女子双打 ||bgcolor=silver| [[銀牌]] [[File:Med_2.png|銀牌]]
|- align=center
| [[李惠芬]] || 女子单打 ||bgcolor=silver| [[銀牌]] [[File:Med_2.png|銀牌]]
|- align=center
| [[焦志敏]] || 女子单打 ||bgcolor=cc9966| [[銅牌]] [[File:Med_3.png|銅牌]]

|- align=center
| rowspan="6" |  [[1992年夏季奧林匹克運動會乒乓球比賽|1992年]]   || [[邓亚萍]]，[[乔红]] || 女子双打 ||bgcolor=gold| '''[[金牌]]''' [[File:Med_1.png|金牌]] 
|- align=center
| [[王涛 (乒乓球运动员)|王涛]]，[[吕林]] || 男子双打 ||bgcolor=gold| '''[[金牌]]''' [[File:Med_1.png|金牌]] 
|- align=center
|  [[邓亚萍]] || 女子单打 ||bgcolor=gold| '''[[金牌]]''' [[File:Med_1.png|金牌]] 
|- align=center
|  [[陈子荷]]，[[高军]] || 女子双打 ||bgcolor=silver| [[銀牌]] [[File:Med_2.png|銀牌]]
|- align=center
|  [[乔红]] || 女子单打 ||bgcolor=silver| [[銀牌]] [[File:Med_2.png|銀牌]]
|- align=center
|  [[马文革]] || 男子单打 ||bgcolor=cc9966| [[銅牌]] [[File:Med_3.png|銅牌]]

|- align=center
| rowspan="8" |  [[1996年夏季奧林匹克運動會乒乓球比賽|1996年]] || [[邓亚萍]]，[[乔红]] || 女子双打 ||bgcolor=gold| '''[[金牌]]''' [[File:Med_1.png|金牌]] 
|- align=center
| [[孔令輝]]，[[劉國梁]] || 男子双打 ||bgcolor=gold| '''[[金牌]]''' [[File:Med_1.png|金牌]]   
|- align=center
|  [[邓亚萍]] || 女子单打 ||bgcolor=gold| '''[[金牌]]''' [[File:Med_1.png|金牌]]  
|- align=center
| [[劉國梁]] || 男子单打 ||bgcolor=gold| '''[[金牌]]''' [[File:Med_1.png|金牌]] 
|- align=center
|  [[劉偉 (乒乓球運動員)|刘伟]]，[[乔云萍]] || 女子双打 ||bgcolor=silver| [[銀牌]] [[File:Med_2.png|銀牌]]
|- align=center
|  [[吕林]]，[[王涛 (乒乓球运动员)|王涛]] || 男子双打 ||bgcolor=silver| [[銀牌]] [[File:Med_2.png|銀牌]]
|- align=center
|  [[乔红]] || 女子单打 ||bgcolor=cc9966| [[銅牌]] [[File:Med_3.png|銅牌]]
|- align=center
|  [[王涛 (乒乓球运动员)|王涛]] || 男子單打 ||bgcolor=silver| [[銀牌]] [[File:Med_2.png|銀牌]]

|- align=center
| rowspan="8" |  [[2000年夏季奧林匹克運動會乒乓球比賽|2000年]] || [[李菊]]，[[王楠]] || 女子双打 ||bgcolor=gold| '''[[金牌]]''' [[File:Med_1.png|金牌]] 
|- align=center
| [[王励勤]]，[[阎森]] || 男子双打 ||bgcolor=gold| '''[[金牌]]''' [[File:Med_1.png|金牌]]  
|- align=center
| [[王楠]] || 女子单打 ||bgcolor=gold| '''[[金牌]]''' [[File:Med_1.png|金牌]] 
|- align=center
| [[孔令輝]] || 男子单打 ||bgcolor=gold| '''[[金牌]]''' [[File:Med_1.png|金牌]]   
|- align=center
| [[孙晋]]，[[楊影 (乒乓球運動員)|杨影]] || 女子双打 ||bgcolor=silver| [[銀牌]] [[File:Med_2.png|銀牌]]
|- align=center
| [[孔令輝]]，[[劉國梁]] || 男子双打 ||bgcolor=silver| [[銀牌]] [[File:Med_2.png|銀牌]]
|- align=center
| [[李菊]] || 女子单打 ||bgcolor=silver| [[銀牌]] [[File:Med_2.png|銀牌]]
|- align=center
| [[劉國梁]] || 男子单打 ||bgcolor=cc9966| [[銅牌]] [[File:Med_3.png|銅牌]]

|- align=center
|  rowspan="6" | [[2004年夏季奧林匹克運動會乒乓球比賽|2004年]] || [[王楠]]，[[张怡宁]] || 女子双打 ||bgcolor=gold| '''[[金牌]]''' [[File:Med_1.png|金牌]] 
|- align=center
| [[陈玘]]，[[马琳]] || 男子双打 ||bgcolor=gold| '''[[金牌]]''' [[File:Med_1.png|金牌]]  
|- align=center
| [[张怡宁]] || 女子单打 ||bgcolor=gold| '''[[金牌]]''' [[File:Med_1.png|金牌]]  
|- align=center
| [[王皓]] || 男子单打 ||bgcolor=silver| [[銀牌]] [[File:Med_2.png|銀牌]]
|- align=center
| [[牛劍鋒]]，[[郭跃]] || 女子双打 ||bgcolor=cc9966| [[銅牌]] [[File:Med_3.png|銅牌]]
|- align=center
| [[王励勤]] || 男子单打 ||bgcolor=cc9966| [[銅牌]] [[File:Med_3.png|銅牌]]
 						 						 					 					 		
|- align=center
| rowspan="8" | [[2008年夏季奧林匹克運動會乒乓球比賽|2008年]] || [[郭跃]]，[[王楠]]，[[张怡宁]] || 女子團體 ||bgcolor=gold| '''[[金牌]]''' [[File:Med_1.png|金牌]]
|- align=center
|| [[马琳]]，[[王皓]]，[[王励勤]] || 男子團體 ||bgcolor=gold| '''[[金牌]]''' [[File:Med_1.png|金牌]]
|- align=center
|| [[张怡宁]] || 女子单打 ||bgcolor=gold| '''[[金牌]]''' [[File:Med_1.png|金牌]]
|- align=center
|| [[马琳]] || 男子单打 ||bgcolor=gold| '''[[金牌]]''' [[File:Med_1.png|金牌]]    
|- align=center
|| [[王楠]] || 女子单打 ||bgcolor=silver| [[銀牌]] [[File:Med_2.png|銀牌]]
|- align=center
|| [[王皓]] || 男子单打 ||bgcolor=silver| [[銀牌]] [[File:Med_2.png|銀牌]]
|- align=center
|| [[王励勤]] || 男子单打||bgcolor=cc9966| [[銅牌]] [[File:Med_3.png|銅牌]]
|- align=center
|| [[郭跃]] || 女子单打||bgcolor=cc9966| [[銅牌]] [[File:Med_3.png|銅牌]]

|- align=center
| rowspan="6" | [[2012年夏季奧林匹克運動會乒乓球比賽|2012年]] || [[李曉霞]] || 女子单打 ||bgcolor=gold| '''[[金牌]]''' [[File:Med_1.png|金牌]]
|- align=center
|| [[張繼科]] || 男子單打 ||bgcolor=gold| '''[[金牌]]''' [[File:Med_1.png|金牌]]
|- align=center
|| [[丁寧]]，[[李曉霞]]，[[郭躍]] || 女子團體 ||bgcolor=gold| '''[[金牌]]''' [[File:Med_1.png|金牌]]
|- align=center
|| [[馬龍]]，[[王皓]]，[[張繼科]] || 男子團體 ||bgcolor=gold| '''[[金牌]]''' [[File:Med_1.png|金牌]]
|- align=center
|| [[王皓]] || 男子单打 ||bgcolor=silver| [[銀牌]] [[File:Med_2.png|銀牌]]
|- align=center
|| [[丁寧]] || 女子单打 ||bgcolor=silver| [[銀牌]] [[File:Med_2.png|銀牌]]
|}

== 相关条目 ==
*[[乒乓球]]
*[[乒乓外交]]

== 视频资料 ==
*[http://v.youku.com/v_show/id_XNzQzMzc0NDQ=.html 中国乒乓五十年01].体育人间.2002年
*[http://v.youku.com/v_show/id_XNzQzMzExNTY=.html 中国乒乓五十年02].体育人间.2002年
*[http://v.youku.com/v_show/id_XNzQzMzA3ODA=.html 中国乒乓五十年03].体育人间.2002年
*[http://v.youku.com/v_show/id_XNzQzMzIxMjA=.html 中国乒乓五十年04].体育人间.2002年
*[http://v.youku.com/v_show/id_XNzQzMzg1ODg=.html 中国乒乓五十年05].体育人间.2002年
*[http://v.youku.com/v_show/id_XNzQzNDIyMDg=.html 中国乒乓五十年06].体育人间.2002年
*[http://www.tudou.com/programs/view/SfmLwCPOHmE 见证乒乓：国球崛起].上海频道.档案
*[http://www.tudou.com/programs/view/mf7_4KnqRrE 见证乒乓：球贯东西].上海频道.档案
*[http://www.tudou.com/programs/view/OflidZdf52s 见证乒乓：去留之间].上海频道.档案

==参考资料==
&lt;div class="references-small"&gt;
&lt;references/&gt;
&lt;/div&gt;

== 外部链接 ==
*[http://sports.qq.com/zt2011/ittf/index.htm 国际乒联中文官网]
*[http://tabletennis.sport.org.cn/ 中国乒乓球协会官方网站]

{{中国乒乓球}}
{{中国体育国家队}}
{{CCTV体坛风云最佳团队}}

[[Category:國家乒乓球隊|C]]
[[Category:中國乒乓球]]
[[Category:中国体育国家队|乒乓球]]</str>
    <str name="title">中国国家乒乓球队</str>
    <str name="titleText">中国国家乒乓球队</str>
    <str name="user">Yinweichen-bot</str>
    <int name="userId">552715</int>
    <int name="revision">30155165</int>
    <date name="timestamp">2014-02-11T17:00:32Z</date>
    <long name="_version_">1484749260760023040</long></doc>
  <doc>
    <str name="id">764365</str>
    <str name="text">{{noteTA|G1=Aquatics}}
'''陳肖霞'''（{{bd|1962年|10月8日|catIdx=C陈}}），[[中国]]前[[跳水]]运动员，[[广东]][[东莞]]人，中国第一位跳水世界冠军，《[[游泳世界]]》杂志曾称誉她为“跳水皇后”。

陈肖霞1973年开始接受跳水专业训练，次年进入广东省跳水队，1976年获得全国亚军，次年入选[[中国国家跳水队]]。1978年，陈肖霞夺得了[[亚运会]]女子跳台跳水金牌，次年夺得[[世界大学生运动会]]女子跳台冠军。1981年、1983年获得第二、三屆[[跳水世界盃]]女子10米跳臺冠军，成为中国首位跳水世界冠军，但是未能夺得[[世界游泳錦標賽]]冠军，由于中国抵制了[[1980年夏季奥林匹克运动会|莫斯科奥运会]]，故而未能在其黄金时期获得奥运金牌。1984年，陈肖霞在[[1984年夏季奥林匹克运动会|洛杉矶奥运会]]上发挥不佳，仅取得女子跳台第4名，赛后宣布退役。

陳肖霞是第六屆[[全國人大]]代表。

{{China-sport-bio-stub}}

[[Category:东莞人]]
[[Category:中国跳水运动员|C陈]]
[[Category:第六届全国人大代表]]
[[Category:陈姓|X]]</str>
    <str name="title">陈肖霞</str>
    <str name="titleText">陈肖霞</str>
    <str name="user">Yinweichen-bot</str>
    <int name="userId">552715</int>
    <int name="revision">30633748</int>
    <date name="timestamp">2014-03-10T06:46:54Z</date>
    <long name="_version_">1484748806084886528</long></doc>
  <doc>
    <str name="id">1199708</str>
    <str name="text">'''中国女排黄金一代''' 多指[[中国]][[媒体]]给予在主教练[[陈忠和]]带领下的这一批[[中国女排]]队员的称呼。她们自2001年首次组队以来便取得了骄人的战绩，巅峰战绩是于2003年在[[日本]]举行的[[世界杯排球赛]]上重夺了中国女排阔别17年的女排三大赛的[[世界]][[冠军]]，和次年在[[希腊]]举办的[[雅典奥运会]]上获得金牌，完成了继20世纪80年代[[中国女排]]'''五连冠'''辉煌时期后的又一个连冠，这也是21世纪前10年以来世界女子排坛的唯一一个“连冠”。

== 黄金一代征程 ==

== 前四年 ==

=== 成长期（2001--2002） ===
自[[陈忠和]]上任以来，便努力打造一只年龄适中且潜力巨大的新队伍，为此他不得不顶着巨大的舆论压力放弃了[[2000年悉尼奥运会]]后的众多前任首发国手，让许多从未有过世界大赛经验的年轻选手成为主力队员。在技战术上，陈忠和强调团队的配合，着重以对中国女排的传统优势“'''快速多变、技术全面'''”的贯彻延续。这支新成立的中国女排虽然稚嫩但却给人眼前一亮的感觉，她们在2001年底举行的女排大冠军杯上战胜了诸多强队获得了冠军。

=== 黄金期（2003--2004） ===
经过前两年的队伍磨合，队伍逐渐成熟。到2003年底世界杯举行前

==== 女排七仙女 ====
[[冯坤]] [[周苏红]] [[赵蕊蕊]] [[杨昊]] [[刘亚男]] [[张娜]] [[王丽娜]]

== 后四年 ==
（待补）
=== 转换期（2005--2006） ===
（待补）
=== 艰难期（2007） ===
（待补）
=== 收尾期（2008） ===
（待补）

[[Category:中國排球]]</str>
    <str name="title">中国女排黄金一代</str>
    <str name="titleText">中国女排黄金一代</str>
    <str name="user">Yinweichen-bot</str>
    <int name="userId">552715</int>
    <int name="revision">30158285</int>
    <date name="timestamp">2014-02-12T00:02:31Z</date>
    <long name="_version_">1484748923974189056</long></doc>
  <doc>
    <str name="id">4135430</str>
    <str name="text">{{Infobox 排球選手
| name           = 朱婷
| image          = 
| imagesize      =
| caption        =
| fullname       = 朱婷
| nickname       = 
| nationality    = {{CHN}}
| dateofbirth    = {{Birth date and age|1994|11|29}}
| placeofbirth   = {{CHN}}[[河南省]][[周口市]][[郸城县]]
| dateofdeath    =
| placeofdeath   =
| hometown       = 
| height         = {{height|m=1.95}}
| weight         = {{weight|kg=70}}
| spike          = {{height|m=3.27}}
| block          = {{height|m=2.24}}
| position       = 主攻手
| currentnumber  = 2
| currentclub    = {{flagicon|CHN}} [[河南女排]]
| clubs          =
| nationalyears  = 
| nationalteam   = {{flagicon|CHN}} [[中國國家女子排球隊|中國]]
| updated        = 
}}

'''朱婷'''{{BD|1994年|11月29日|}}，[[中國]]女子[[排球]]運動員，身高达到195cm，司職主攻位置，效力於[[河南女排]。在2013年正式入选[[中國國家女子排球隊]]，身披2號球衣，現為队中主力主攻手。

朱婷曾多次代表国家青年和少年女子排球队参加世界性顶级比赛获得佳绩。国青队和国少主力队员，曾夺得2013年U20女排锦标赛的最有价值球员。2013年[[世界女排大奖赛]]，朱婷参加了分站赛和总决赛的比赛，与队友一起获得了亚军的好成绩，并当选了最佳阵容，因而被普遍认为具有世界级球星的潜力。

==簡介及个人成绩==
朱婷被視為是中国女排主攻线上的未来之星，身高已达1.95m的她是国青绝对主力。2013年，朱婷再度入选国家青年女排，同时首次入选新一届中国国家女排大名单，受到郎平的赏识。凭借身高和弹跳优势，她的进攻点可以很高、力量也足。朱婷的心理素质也比较出色，前后排都能进攻，可谓上升空间巨大。

2011年8月，朱婷与队友合作获得世界少年女排锦标赛亚军，个人贡献87分在得分榜上名列第10，进攻得分位列积分榜第7名。2012年亚洲青年女排排锦标赛，帮助国青女排豪取八连胜夺得第10冠，朱婷荣膺最有价值球员奖。2013年瑞士女排精英赛国青女排临时披挂上阵，国青女排获得第六名，但朱婷表现不俗，以105分摘得最佳得分奖，同时还位居最佳扣球和最佳发球两个第二名，成为此次国青队头号明星。2013年U20世界青年女排锦标赛，朱婷与队友合力以八战全胜一局不失的战绩夺冠。朱婷勇夺MVP、最佳扣球、最佳得分三项大奖。2013年世界女排大奖赛分站赛澳门站夺得最佳得分和最佳拦网奖。2013年世界女排大奖赛总决赛，中国队获得亚军，朱婷荣幸当选最佳阵容，占据扣球效率榜头名，并在总决赛中两次拿到MIP。[1] 2013年亚洲女排锦标赛，虽然中国队在季军争夺战中2-3遭韩国逆转，史上首次无缘奖牌，但朱婷扣球命中率位居榜首，获最佳扣球殊荣。2014年中国国际女排精英赛北仑站独揽最有价值球员（MVP），最佳发球，最佳扣球三奖。2014年世界女排大奖赛分站赛香港站夺得最有价值球员（MVP）。2014年世界女排大奖赛分站赛澳门站当选最受观众欢迎的运动员。2014年世界女排锦标赛中国女排首发主攻，在半决赛对阵意大利女排比赛中个人独得32分，为中国队闯入决赛立下头功，朱婷本人也入选了该届锦标赛最佳阵容。

== 参考 ==
{{reflist}}

==外部链接==
* [http://sports.qq.com/a/20140825/006076.htm 日记者谈中日女排对抗：朱婷优势大 速度制中]

{{2014年世錦賽中國國家女子排球隊}}

{{DEFAULTSORT:Zhu Ting}}
[[Category:河南人]]
[[Category:中國排球運動員]]
[[Category:朱姓]]</str>
    <str name="title">朱婷</str>
    <str name="titleText">朱婷</str>
    <int name="revision">33187412</int>
    <date name="timestamp">2014-11-05T02:03:06Z</date>
    <long name="_version_">1484749498355810305</long></doc>
  <doc>
    <str name="id">76449</str>
    <str name="text">{{noteTA
|G1=F1
|T=zh-hans:詹卡洛·费斯切拉;zh-hk:雲加羅·費斯卓拿;zh-tw:尚卡羅·費希切拉;
|1=zh-hans:詹卡洛·费斯切拉;zh-hk:雲加羅·費斯卓拿;zh-tw:尚卡羅·費希切拉;
|2=zh-hans:费斯切拉;zh-hk:費斯卓拿;zh-tw:費希切拉;
}}
{{F1 driver|
  Name = Giancarlo Fisichella |
  Image = Giancarlo Fisichella 2008.jpg|
  Caption = 费斯切拉在[[2008年加拿大大獎賽]] |
  Nationality = {{ITA}} |
  Car number = 3 |
  Team = [[法拉利车队]] |
  Races = 231 (230次起步) |
  Championships = 0 |
  Wins = 3 |
  Podiums = 19 |
  Points = 275 |
  Poles = 5 |
  Fastest laps = 2 |
  First race = [[1996年澳大利亞大獎賽]] |
  First win = [[2003年巴西大獎賽]] |
  Last win = [[2006年馬來西亞大獎賽]] |
  Last race = [[2009年阿布扎比大獎賽]] |
  Last season =  |
  position = 第15（8分）|
}}

'''-{zh-hans:詹卡洛·费斯切拉;zh-hk:云加羅·費斯卓拿;zh-tw:尚卡羅·費希切拉;}-'''（'''Giancarlo Fisichella'''，{{bd|1973年|1月14日||}}），[[意大利]][[一级方程式赛车]]车手，出生于[[意大利]][[罗马]]。

== 簡介 ==
从小就开始参加[[卡丁车]]比赛，1994年获得了[[意大利]][[三级方程式赛车]]冠军。1996年度，加入了[[一级方程式赛车]][[米納尔迪车队|-{zh-hans:米纳尔迪;zh-hk:文路迪;zh-tw:米纳迪;}-]]（Minardi）车队，虽然由于赛车竞争力不足，没有获得积分，但是还是被[[喬丹車隊|-{zh-hans:乔丹; zh-hk:佐敦;}-]]看中，于次年加入该队。

1997年度为[[喬丹車隊|-{zh-hans:乔丹;zh-hk:佐敦;zh-tw:喬登;}-]]出赛，整个赛季中经常有不错的发挥，在[[1997年德国大奖赛]]中几乎夺取冠军，结果在大幅领先情况下不幸在倒数第4圈爆胎。在[[1997年加拿大大奖赛]]的季军使他第一次登上领奖台。

1998年度转到[[班尼頓車隊|-{zh-hans:贝纳通; zh-hant:班尼頓;}-]]车队效力，直到2001年度结束。4个赛季中他每个赛季都能够登上领奖台，但是由于赛车稳定性欠佳，使他很难有持续稳定的发挥。在[[1998年奥地利大奖赛]]他获得了第一个[[一级方程式赛车]][[杆位]]。

2002年度回到[[喬丹車隊|-{zh-hans:乔丹; zh-hk:佐敦;}-]]为其出战2002和2003赛季。这两个赛季他的表现并不理想，但是在[[2003年巴西大奖赛]]，他在一场以事故提前结束的雨战中获得了个人的第一个[[一级方程式赛车]][[大奖赛]]冠军（冠军最初由于赛会圈数计算的错误发给了[[奇米·雷克南]]，在一个星期后经过[[喬丹車隊|-{zh-hans:乔丹; zh-hk:佐敦;}-]]车队交涉，[[国际汽联]]才补发给了-{zh-hans:詹卡洛·费斯切拉;zh-hk:云加羅·費斯卓拿;zh-tw:尚卡羅·費希切拉;}-）。

2004年度转到[[索伯车队]]效力，整个赛季都有比较稳定的发挥，使他终于在赛季末被一支大车队看中，2005年度他开始转到[[雷諾車隊]]效力。

2005年度他夺取了第一站[[2005年澳大利亚大奖赛|澳大利亚大奖赛]]的冠军。虽然此后他的表现并不特别稳定（特别是与夺取年度冠军的队友[[费尔南多·阿隆索]]比较），不过他还是在大部分时间很好地完成了第二车手的任务，获得了58个积分，名列年度第五。

2006年跟2005年情況一樣，获得了72个积分，名列年度第四。

2007年賽季，在-{zh-hans:阿隆索;zh-hk:阿朗素;zh-tw:阿隆索;}-離隊後，成為了雷諾車隊第一車手。

-{zh-hans:詹卡洛·费斯切拉;zh-hk:云加羅·費斯卓拿;zh-tw:尚卡羅·費希切拉;}-被许多业内人士认为是当今[[一级方程式赛车]]驾驶技术最出色的车手之一，但是在很长时间里他都没有遇到过一辆有竞争力的赛车来展示自己的才能。

2008年遭雷諾車隊棄用，轉往[[印度力量車隊]]。

目前他还经营着一支[[GP2]]车队，FMS International。

2009年在比利时SPA赛道上表现卓越，不仅在排位赛中获得杆位并在正赛中仅落后[[奇米·雷克南]]不到1秒的差距获得亚军。帮助印度力量车队获得历史上首个车队积分并登上领奖台。有分析人士指出，如果不是法拉利受益于[[KERS]]的帮助，SPA的冠军将属于费斯切拉。

[[印度力量車隊]]宣布自[[意大利大奖赛]]起由费斯切拉为[[法拉利車隊]]出賽2009年剩余的赛事來代替此前表现不佳的同鄉[[盧卡·巴多爾]]。&lt;ref&gt;{{cite web | title = 印度力量宣布费斯切拉从意大利站起为法拉利出赛| publisher = 新浪体育 | date = 2009-09-03 | url=http://sports.sina.com.cn/f1/2009-09-03/22054569811.shtml | accessdate = 2009-09-04 | language = zh }}&lt;/ref&gt;

[[法拉利車隊]]宣佈2010年車隊測試車手為费斯切拉。

== F1出賽成績 ==
=== 全年總积分 ===
*[[1996年世界一级方程式锦标赛|1996年度]]：第17位，0分（[[米纳尔迪车队]]）
*[[1997年世界一级方程式锦标赛|1997年度]]：第8位，20分（[[喬丹車隊]]）
*[[1998年世界一级方程式锦标赛|1998年度]]：第9位，16分（[[贝纳通车队]]）
*[[1999年世界一级方程式锦标赛|1999年度]]：第9位，13分（[[贝纳通车队]]）
*[[2000年世界一级方程式锦标赛|2000年度]]：第6位，18分（[[贝纳通车队]]）
*[[2001年世界一级方程式锦标赛|2001年度]]：第11位，8分（[[贝纳通车队]]）
*[[2002年世界一级方程式锦标赛|2002年度]]：第11位，7分（[[喬丹車隊]]）
*[[2003年世界一级方程式锦标赛|2003年度]]：第12位，12分（[[喬丹車隊]]）
*[[2004年世界一级方程式锦标赛|2004年度]]：第11位，22分（[[索伯车队]]）
*[[2005年世界一级方程式锦标赛|2005年度]]：第5位，58分（[[雷諾車隊]]）
*[[2006年世界一级方程式锦标赛|2006年度]]：第4位，72分（[[雷諾車隊]]）
*[[2007年世界一级方程式锦标赛|2007年度]]：第8位，21分（[[雷諾車隊]]）
*[[2008年世界一级方程式锦标赛|2008年度]]：第19位，0分（[[印度力量車隊]]）
*[[2009年世界一级方程式锦标赛|2009年度]]：第15位，8分（[[印度力量車隊]]、[[法拉利車隊]]）

=== 大獎賽三甲紀錄 ===
*1997年度：加拿大（季军），比利时（亚军）
*1998年度：摩纳哥（亚军），加拿大（亚军）
*1999年度：加拿大（亚军）
*2000年度：巴西（亚军），摩纳哥（季军），加拿大（季军）
*2001年度：比利时（季军）
*2003年度：'''巴西（冠军）'''
*2005年度：'''澳大利亚（冠军）'''
*2006年度：'''马来西亚（冠军）'''
*2009年度：比利时（亚军）

=== 排头位发车 ===
*1998年度：奥地利
*2005年度：澳大利亚
*2006年度：马来西亚
*2009年度：比利时

=== 最快圈 ===
*1997年度：西班牙

== 参考资料 ==
&lt;references/&gt;

== 外部链接 ==
* {{Official|http://www.giancarlofisichella.com/}}
* {{Twitter|OfficialFisico}}

{{喬丹車隊}}

{{DEFAULTSORT:Fisichella, Giancarlo}}
[[Category:意大利运动员|F]]
[[Category:意大利一级方程式车手|F]]
[[Category:法拉利一級方程式車手]]</str>
    <str name="title">詹卡洛·费斯切拉</str>
    <str name="titleText">詹卡洛·费斯切拉</str>
    <str name="user">Dexbot</str>
    <int name="userId">1201250</int>
    <int name="revision">32686229</int>
    <date name="timestamp">2014-09-16T07:02:11Z</date>
    <long name="_version_">1484748574098980864</long></doc>
  <doc>
    <str name="id">497990</str>
    <str name="text">[[File:Vijay Singh.jpg|thumb|right|维杰·辛格]]
'''维杰·辛格'''（'''Vijay Singh'''，{{bd|1963年|2月22日|catIdx=S辛}}），[[斐济]][[高尔夫球]]选手，2004年至2005年间32周排名世界第一，是斐济历史上最成功的运动员之一。

辛格出生于一个[[印度]]移民家庭，早年从事过多种体育项目，直到1984年获得[[高尔夫球亚洲巡回赛|亚巡赛]]的[[马来西亚公开赛 (高尔夫球)|马来西亚公开赛]]冠军后方才全力从事高尔夫球。1985年，他被指控在记分卡上作弊，被亚巡赛停赛。此后他在[[印尼]][[加里曼丹岛]]的一家小俱乐部担任教练，并在业余时间进行了大量训练。在度过了默默无闻的三年后，辛格复出球坛。1989年，他通过了[[高尔夫球欧洲巡回赛|欧巡赛]]的资格考试，赢得了[[意大利]][[沃尔沃公开赛]]冠军，年终排名欧巡赛第二十四名，一举成名。

1993年，辛格进入[[高尔夫球美国巡回赛|美巡赛]]，在参加的首个比赛[[别克公开赛]]中便一举夺冠，并获得了当年的美巡赛最佳新人奖。1998年，他夺得[[美国高尔夫球锦标赛]]冠军，这是他的首个[[高尔夫球大满贯|大满贯]]赛事冠军。2003年，他在美巡赛奖金榜上仅次于[[泰格·伍兹]]，列第二位。

2004年9月6日，在[[德意志银行锦标赛]]中抡元之后，辛格超过伍兹，成为高尔夫球世界排名第一。2005年3月他一度失去第一宝座，但是不久夺回，在保持了共32周之后，最终被伍兹重新超越。同年4月，他被选入[[高尔夫球名人堂]]。

目前，辛格定居在[[美国]][[佛罗里达州]]。斐济政府任命他为斐济的亲善大使。辛格表示他并不希望从祖国得到任何回报，只希望斐济的印度移民和土著民可以和谐地生活在一起。

{{DEFAULTSORT:Singh, Vijay}}
[[Category:斐濟高爾夫球運動員]]</str>
    <str name="title">维杰·辛格</str>
    <str name="titleText">维杰·辛格</str>
    <str name="user">Yinweichen-bot</str>
    <int name="userId">552715</int>
    <int name="revision">30532676</int>
    <date name="timestamp">2014-03-04T06:20:00Z</date>
    <long name="_version_">1484748683279859712</long></doc>
  <doc>
    <str name="id">265186</str>
    <str name="text">{{noteTA|G1=Badminton}}
{{Infobox Badminton player
| playername              = 赵剑华
| image                   = 
| size                    =
| caption                 = 
| birth_name              = 
| date_of_birth           = {{birth date and age|1965|4|21}}
| place_of_birth          = {{CHN}}[[江苏省]][[南通市]]
| height                  = 183
| weight                  = 
| event                   = 男子单打
| country                 = {{CHN}}
| years_active            = 
| handedness              = 左手
| coach                   = 
| highest_ranking         = '''第1位'''
| date_of_highest_ranking = 
| current_ranking         = 已退役
| date_of_current_ranking = 
| played                  = 
| titles                  = 
| bwf_id                  = 
}}
'''赵剑华'''（{{bd|1965年|4月21日}}），[[江苏省]][[南通市]]人，中国著名[[羽毛球]]运动员。他是1985年和1990年[[全英羽毛球公开锦标赛]]男单冠军、1986年[[1986年亚运会|漢城亞運會]]和1990年[[1990年亚运会|北京亞運會]]男单冠军以及[[1991年世界羽毛球錦標賽]]男单冠军。现任[[广西省]]羽毛球队总教练。

==技術特點==
赵剑华以完美的动作一致性，精确的落点控制和杀伤力极强的中后场杀球驰名羽坛，打法极具观赏性。被很多人认为是百年不遇的天才球手。他属进攻型选手，具有力量大，身体素质好，速度快，反应灵敏，后场扣杀有力，网前凶狠，落点准确等技术特点。

==經歷==
赵剑华12岁就进业余体校，专修羽毛球。1978年进入[[江苏省]]羽毛球队，16岁获得江苏城市羽毛球比赛男子单打冠军。

1983年入选中国羽毛球队。在1984年底的[[苏格兰羽毛球公开赛]]中，他一鸣惊人，先后击败世界名将费罗斯特、尼尔霍夫等，夺取男单冠军。时隔两个月，在1985年1月[[日本羽毛球公开赛]]上，他连克费罗斯特、韩健，又夺得男单冠军。同年3月，在[[全英羽毛球公开锦标赛]]半决赛中，他以2比0淘汰了[[印尼]]名将[[林水镜]]，在决赛与费罗斯特争夺金牌时，又以2比1再次获胜。赵剑华在不到三个月的时间里，连续击败四名世界羽坛顶尖好手，震动了国际羽坛，被誉为世界羽坛的「四大天王」之一。

然而，正当他继续向世界羽坛高峰攀登时，急性[[胸膜炎]]发作，使他整整耽误了一年。

1986年，他病愈复出后，体力有所下降，技术却不减当年，连续获得[[马来西亚羽毛球公开赛]]、第十届[[亚运会]]、中国和泰国公开赛、1987年[[羽毛球世界杯]]赛男单冠军，1988年和1990年[[汤姆斯杯]]团体冠军，1990年[[全英羽毛球公开锦标赛]]冠军，[[1991年世界羽毛球锦标赛]]单打冠军以及1991年[[世界羽毛球总决赛]]单打冠军。

===退役生活===
四大天王中，赵剑华最后一个退役，被称作末代天王，他也是最能代表那时羽毛球技术水平的人。 

赵剑华于1994年1月进入新加坡管理学院，同时任一所中学羽毛球教练及新加坡国家队顾问。1997年5月他从新加坡管理学院毕业，同年同[[张军]]配对男子双打代表江苏队参加中国第八届全运会，夺得男子团体冠军。 

在新加坡定居期間，他与朋友合资开了一家賣[[海南鸡饭]]的餐厅。

2004年，赵剑华返回中国，並与妻子[[吴文静]]、儿子[[赵俊颉]]和女儿[[赵璟榕]]定居[[南宁]]，期间与[[吴文凯]]合办羽毛球学校和俱乐部。

2010年，赵剑华獲聘为广西羽毛球队总教练兼男队主教练。

==榮譽==
赵剑华1985年获[[运动健将]]和[[国际级运动健将]]称号，并曾两次获国家体委颁发的体育运动荣誉奖章。虽然他在1985年就夺得全英冠军一举成名，但两次大病把他夺得世锦赛冠军的时间推迟了六年。1990年[[亚运会]]战胜[[杨阳]]夺冠时，他终于成为无可争议的羽坛第一人，但这时他已经25岁，开始从巅峰期向下滑落了。

==外部連結==
*[http://sports.china.com/zh_cn/sportsnews/other/badminton/10003031/20050601/12361477_1.html 不再杀球改行杀鸡 赵剑华：名人在哪都有人罩着]《中华网》2005-06-01 
*[http://news.0898.net/2005/11/09/198938.html 前世界羽球冠军赵剑华退役，开家海南鸡饭店]《人民网》2005-11-09
*[http://sports.iyaxin.com/content/2010-08/11/content_2054249.htm 赵剑华透露执教广西队终极任务 签3年合同充满自信]《新浪体育》2010-08-11
*[http://news.gxnews.com.cn/staticpages/20101117/newgx4ce31f8a-3410418.shtml 偶遇广西羽毛球队总教练赵剑华 为央视做解说嘉宾]《当代生活报》2010-11-17

== 視頻資料 ==
*[http://space.tv.cctv.com/video/VIDE1208740789673143 【奥运故事会】“羽球天王”赵剑华]

{{世界羽毛球錦標賽男單冠軍}}
{{DEFAULTSORT:Zhao Jianhua}}

[[Category:中国退役羽毛球运动员]]
[[Category:南通人]]
[[Category:赵姓|J]]</str>
    <str name="title">赵剑华</str>
    <str name="titleText">赵剑华</str>
    <str name="user">Wongpong</str>
    <int name="userId">453621</int>
    <int name="revision">33093398</int>
    <date name="timestamp">2014-10-26T21:51:06Z</date>
    <long name="_version_">1484748632526684160</long></doc>
  <doc>
    <str name="id">3609793</str>
    <str name="text">{{noteTA|G1=Aquatics}}
{{Infobox 跳水選手
|圖片= 
|圖片描述=
|姓名= 谈舒萍
|別名=
|外號= 
|國籍= {{CHN}}
|前代表國家=
|出生日期= {{birth_year_and_age|1977|}}
|出生地點= {{CHN}}[[梧州市]]
|居住地點= 
|逝世日期=
|逝世地點=
|身高= 
|體重= 
|比賽項目= 1米跳板，3米跳板
|級別=
|入選國家隊=
|俱樂部=
|大學校隊=
|雙人跳水拍檔=
|曾合作拍檔= 
|主教練=
|助教=
|前教練=
|退休年份=1997年
}}

'''谈舒萍'''（{{bd|1977年|}}），[[广西]][[梧州]]人，前[[中国]]女子[[跳水]]运动员。

== 生涯 ==
谈舒萍于1989年被国家跳水队总教练[[徐益明]]召进国家跳水队进行集训。1992年，15岁的谈舒萍和“跳水皇后”[[高敏]]一同参加[[1992年夏季奥林匹克运动会|巴塞罗那奥运会]]女子3米跳板比赛，但因大赛经验不足而无缘决赛。

高敏退役后，谈舒萍成为了国家队重点培养对象，并迎来了巅峰期。1993年为中国队夺得[[跳水世界杯]]女子3米跳板比赛冠军。次年，谈舒萍在[[世界游泳锦标赛]]女子1米跳板比赛中夺得亚军，而在女子3米跳板比赛中则力压俄罗斯的[[维拉·伊莲娜]]夺冠。1996年，谈舒萍再次参加奥运会女子3米跳板跳水比赛，但仍然无缘决赛。经历两次奥运会的失意后，谈舒萍决定退役。

离开跳水赛场后，谈舒萍进入[[中山大学]]学习，毕业后返回广西担任跳水教练。

{{世界游泳錦標賽跳水項目－女子3米彈板冠軍}}

== 资料参考 ==
*[http://www.wuzhoudaily.com.cn/html/2009-03/09/content_66087.htm 与世界跳水名将谈舒萍合影]
*[http://sports.sina.com.cn/o/12149765.shtml 昔日跳水冠军谈舒萍要当体育记者].金羊网.2001-06-12
*[http://www.onlinexijiang.com/a/news/2013/0608/17097.html 梧州籍跳水明星谈舒萍 带队来梧集训].梧州电视台.2013-06-08

[[Category:世界游泳锦标赛跳水项目冠军|T]]
[[Category:中国跳水运动员|T]]
[[Category:梧州人|T]]
[[Category:谈姓|S]]</str>
    <str name="title">谈舒萍</str>
    <str name="titleText">谈舒萍</str>
    <str name="user">Yinweichen-bot</str>
    <int name="userId">552715</int>
    <int name="revision">30586565</int>
    <date name="timestamp">2014-03-07T13:19:25Z</date>
    <long name="_version_">1484749407216730112</long></doc>
</result>
</response>
