<?xml version="1.0" encoding="UTF-8"?>
<response>

<lst name="responseHeader">
  <int name="status">0</int>
  <int name="QTime">0</int>
  <lst name="params">
    <str name="q">姚明的父亲姚志源多高？</str>
    <str name="indent">true</str>
    <str name="wt">xml</str>
  </lst>
</lst>
<result name="response" numFound="899996" start="0">
  <doc>
    <str name="id">3666295</str>
    <str name="text">{{土司政權
|封地名= 姚安土司
|土司姓氏= [[高姓]]
|土司民族= [[白族]]
|官銜= 姚安府[[同知]]
|治所= [[姚安府]]&lt;br&gt;（今[[云南省]][[楚雄彝族自治州]][[姚安县]]）
|始封者=[[高均锦]]、[[高均常]]
|始祖=[[高翔 (三国)|高翔]]、[[高泰祥]]
|開始年=1253年
|撤銷年= 1729年
|撤銷原因= [[改土歸流]]
}}
'''姚安土司'''是[[元朝]]、[[明朝]]、[[清朝]]时期的[[姚安]]的世袭[[土司]]，属[[白族]]。

姚安土司姓[[高姓|高氏]]，是[[大理国]]丞相[[高泰祥]]的后裔。1253年[[蒙古入侵大理]]期间，高泰祥组织军队反抗，战败被杀。[[忽必烈]]嘉其忠义，以其子[[高均锦]]、[[高均常]]为姚安[[同知]]，子孙都世袭此职，是为姚安土司之始。[[元文宗]][[天历]]年间，姚安土司[[高均明]]去元大都朝见，获赐[[尚方宝剑]]，文宗将[[姚州]]升格为[[姚安路军民总管府]]，以高均明为姚安总管，授武德将军。

[[明平云南之战|明军平定云南]]之时，姚安土官[[高保]]、[[高惠]]内附，西平侯[[沐英]]保举高保为姚安府同知、高惠为姚安州同知。清军入云南之际，姚安土司[[高𦒰|高{{僻字|𦒰|左“泰”右“翟”}}]]曾一度效忠于[[南明]]。1659年（顺治十六年），姚安同知[[高奣映]]内附，仍授原职。高奣映之孙[[高厚德]]嗣位之后，于1725年（[[雍正]]三年）被告发有不法行为。1729年（雍正七年），高厚德被流放[[江南]]，姚安也从此[[改土归流]]，共传26世土司。

姚安高氏土司崇尚中原文化，诸土司之中，以[[高奣映]]最有文名。高奣映的高祖[[高金宸]]、曾祖[[高光裕]]、祖父[[高守潘]]、父亲[[高𦒰|高{{僻字|𦒰|左“泰”右“翟”}}]]也都工于诗文。清代的[[王菘]]在《[[云南志钞]]》中称：“丽江木氏、姚州高氏尤乐与流寓之文士交游，所作诗词颇传于世。当是时，思皇济济，誉髦峨峨，古昔狉獉之区，居然文明之域”。

姚安土司与[[鹤庆土司]]、[[永胜土司]]是同一祖宗。

[[Category:元朝土司]]
[[Category:明朝土司]]
[[Category:清朝土司]]
[[Category:云南土司]]
[[Category:楚雄行政区划史]]
[[Category:白族]]
[[Category:姚安县]]</str>
    <str name="title">姚安土司</str>
    <str name="titleText">姚安土司</str>
    <str name="user">Berthe</str>
    <int name="userId">571245</int>
    <int name="revision">31358991</int>
    <date name="timestamp">2014-05-21T16:58:44Z</date>
    <long name="_version_">1484749418248798211</long></doc>
  <doc>
    <str name="id">3666324</str>
    <str name="text">{{東亞男性歷史人物
|名稱 =高奣映
|身份 =[[姚安土司]]
|國家 =[[清朝|大清]]
|時代 =
|屆數 =
|最高職務 =[[姚安府]][[同知]]、加[[云南布政司]][[参政道]]銜
|前任 = [[高𦒰|高{{僻字|𦒰|左“泰”右“翟”}}]]
|繼任 = [[高映厚]]
|圖片名稱 =
|圖片大小 =
|圖片說明 =
|姓名 =高奣映
|字 =雪君
|號=问米居士
|官職 =姚安府同知、加云南布政司参政道銜
|封爵 =
|封號 =
|位階 =
|封地 =
|尊號 =
|族裔 =[[白族]]
|信仰 =
|氏族 =
|府邸 =
|初名 =
|小字 =遐龄
|別名 =
|法號 =
|院號 =
|其他名號 =
|出生日期 =1647年
|出生地點 =
|逝世日期 ={{Death year and age|1707|1647}}
|逝世地點 =
|父親 =[[高𦒰|高{{僻字|𦒰|左“泰”右“翟”}}]]
|母親 =木氏福
|正室 =
|繼室 =
|正室之父 =
|正室之母 =
|繼室之父 =
|繼室之母 =
|兄弟 =
|姊妹 =
|嫡兄弟 =
|嫡姊妹 =
|庶兄弟 =
|庶姊妹 =
|同胞兄弟 =
|同胞姊妹 =
|異母兄弟 =
|異母姊妹 =
|子 =[[高映厚]]
|女 =[[高氏壽]]
|婿養子 =[[木鐘]]
|其他親屬 =
|功名 = 
|經歷 = 
|著作 =
|注釋 =
}}
'''高奣映'''（{{bd|1647年||1707年||catIdx=G高}}），[[字]]雪君，小字遐龄，[[号]]问米居士，[[明]]末[[清]]初著名文学家、思想家、哲学家。[[姚安]]第24代[[姚安土司|土司]]，官拜[[姚安府]][[同知]]。

高奣映是姚安土司[[高𦒰|高{{僻字|𦒰|左“泰”右“翟”}}]]的长子，母亲木氏福则是[[丽江土司]][[木增]]的女儿。高奣映的父母都精通儒学，受此影响，高奣映也饱读诗书。

高奣映出生的时候，正值明末清初混乱之际。[[永历帝]]逃入云南的时候，1655年，[[高𦒰|高{{僻字|𦒰|左“泰”右“翟”}}]]受到[[沐天波]]的引荐，率年仅8岁的高奣映朝见永历帝。[[高𦒰|高{{僻字|𦒰|左“泰”右“翟”}}]]护送永历帝逃往[[永昌府|永昌]]，但在[[腾冲]]失散，只得与高奣映一起返回姚安。

1659年，永历帝被杀，[[高𦒰|高{{僻字|𦒰|左“泰”右“翟”}}]]不愿臣服于清朝，传位给高奣映并在[[鸡足山]]大觉寺出家为僧，高奣映随即内附[[清朝]]。由于年幼，政事暂由母亲木氏福管理。翌年中秀才。

1674年，[[吴三桂]][[三藩之乱|起兵反清]]，任命高奣映为[[四川按察使]]，令其至[[川东]]催收兵粮。高奣映不愿臣服，趁1677年清军与吴军在长江对峙之机告老还乡。在吴军节节溃败之际，高奣映阻击[[胡国柱]]部与[[马宝]]部的会合，并劝云南各地将领归降清廷，被清廷仍旧任命为姚安府世袭同知，并加[[云南布政司]][[参政道]]衔。同年高奣映让位给儿子[[高映厚]]，自己则归隐到[[结磷山]]著书自娱。1702年，云南提学[[王之枢]]请他纂修《鸡足山志》。著有81部著作，今仅存《[[太极明辨]]》、《[[鸡足山志]]》、《[[金刚慧解]]》、《[[迪孙]]》、《[[滇鉴]]》、《[[妙香国草]]》等及零散诗文。
{{Wikisource author}}

{{-}}
{{start box}}
|-style="text-align: center; background: #FFE4E1;"
|align="center" colspan="3"|'''高奣映'''
{{s-before|[[高𦒰|高{{僻字|𦒰|左“泰”右“翟”}}]]}}
{{s-title|[[姚安土司|姚安高氏土司]]|1659年—1677年}}
{{s-after|[[高映厚]]}}
{{end box}}

[[Category:白族人]]
[[Category:姚安县人]]
[[Category:清朝政治人物]]
[[Category:清朝儒学学者]]
[[Category:清朝哲學家]]
[[Category:高姓]]</str>
    <str name="title">高奣映</str>
    <str name="titleText">高奣映</str>
    <str name="user">Yinweichen-bot</str>
    <int name="userId">552715</int>
    <int name="revision">30654921</int>
    <date name="timestamp">2014-03-11T12:20:05Z</date>
    <long name="_version_">1484749418255089664</long></doc>
  <doc>
    <str name="id">3470162</str>
    <str name="text">{{unreferenced|time=2013-05-21T05:24:59+00:00}}
{{東亞女性歷史人物
| 名稱=永興公主
| 身份=[[梁朝]]公主
| 畫像=
| 說明=梁武帝長女
| 姓=蕭
| 名=玉姚
| 封爵=[[公主]]
| 位號=公主
| 封號=永興公主
| 出生年=
| 逝世年=
| 諡號=
| 墳墓=
| 父親=[[梁武帝]]
| 夫=殷均
| 母親=郗徽
| 夫之父=殷睿
|}}
'''萧玉姚'''（又称萧玉瑶）（{{bd|？年||？年||萧玉姚}}），是[[南朝梁]]武帝[[萧衍]]的长女，母亲为[[郗徽]]，外祖母为宋文帝[[刘义隆]]之女[[寻阳公主]]，[[萧玉婉]]和[[萧玉嬛]]的姐姐。

== 生平 ==
[[萧玉姚]]生性淫，年轻时由父亲指婚嫁给了[[殷睿]]的儿子[[殷均]]，但公主并不待见[[殷均]]。[[梁书]]曾记载[[萧玉姚]]和自己的亲叔父临川王[[萧宏]]私通，当起了“夫妻”，但这事被其父萧衍发现了，萧玉姚心里十分害怕，便和叔父[[萧宏]]谋反，准备杀害父亲[[萧衍]]，但这事后来被泄露，梁武帝只是责骂了她，但还是赦免了她和叔叔萧宏的死罪。
{{人物小作品}}</str>
    <str name="title">蕭玉姚</str>
    <str name="titleText">蕭玉姚</str>
    <int name="revision">29389836</int>
    <date name="timestamp">2013-12-02T11:11:13Z</date>
    <long name="_version_">1484749367799709698</long></doc>
  <doc>
    <str name="id">319519</str>
    <str name="text">{{Infobox writer &lt;!-- see Template:Infobox writer --&gt;
| 原文名称 = | 日文假名 = | 罗马拼音 = 
| 图像     = Yao Xueyin 1949.jpg
| 图像大小 = 225px
| 图像说明 = 1949年，时任上海私立大夏大学文学院任教授兼代理院长、大学副教务长的姚雪垠　　　
| 姓名     = 姚雪垠
| 字       = 汉英
| 号       = 
| 笔名     = 雪痕、雪、沉思、姚东白
| 原名     = 姚冠三
| 出生     = 1910年10月10日
| 出生地点 = {{QIN}}[[河南]][[邓州市]]九龙乡姚营寨
| 逝世     = {{death date and age|1999|4|29|1910|10|10}}
| 逝世地点 = {{CHN}}[[北京]][[复兴医院]]
| 居处     = 
| 职业     = [[小说家]]
| 国籍     = {{PRC}}
| 种族     = [[汉族]]
| 公民权   = 
| 教育程度 = [[大学]]
| 母校     = [[河南大学]]法学院
| 创作时期 = 1935年至1999年
| 体裁     = [[小说]]
| 主题     = [[历史]]
| 文学运动 = 
| 代表作   = 《李自成》
| 配偶     = 王梅彩
| 伴侣     = 
| 子女     = 三子一女
| 亲属     = 岳父：王庚先
| 受影响于 = 
| 施影响于 = 
| 奖项     = [[茅盾文学奖]]（1982年）
| 官方网   = &lt;!--  {{URL|website}} --&gt;
| 签名     =  &lt;!--不需要加[[file:|128px]] --&gt;
}}

'''姚雪垠'''（{{bd|1910年||1999年||姚雪垠}}），原名'''姚冠三'''，字'''汉英'''，曾用笔名雪痕、雪、沉思、姚东白等，[[河南]][[邓州市]]九龙乡姚营寨人。中国[[明朝]]晚期[[历史学]]泰斗，作家。曾担任第五、六、七届[[全国政协委员]]及湖北省文联主席、全国文联委员、[[中国作协|中国作家协会]]理事、中国对外友协理事等职务。設立了“姚雪垠長篇歷史小說獎”。&lt;ref name="lion " &gt;{{cite web |url=http://news.cnhubei.com/hbrb/ctdsb/ctdsbsgk/ctdsb46/201011/t1522423.shtml |title=图文：姚雪垠之子说父亲轶事 |publisher=湖北网 |accessdate=2010-11-15 |work= |language =zh-cn}}&lt;/ref&gt;&lt;ref name=" wolf" &gt;{{cite web |url=http://www.ycwb.com/gb/content/2002-10/17/content_436758.htm |title= 姚雪垠生死熬炼《李自成》|publisher=金羊网 |accessdate=2002-10-17 |work= |language =zh-cn}}&lt;/ref&gt;

== 生平 ==
[[File: Yao Xueyin 1955.jpg|thumb|280px|right|1955年，姚雪垠夫妇与子女合影。前排左四女儿姚海燕、后排左一长子姚海云、左二次子姚海星、左五幼子姚海天。]]

1910年，姚雪垠出生于[[河南]][[邓州市]]九龙乡姚营寨，父亲家是破落[[地主]]，母亲家是当地大户。&lt;ref name="lion " /&gt;&lt;ref name=" wolf" /&gt;

1930年，姚雪垠在[[河南大学]]法学院读书，因为参加[[中共]]外围组织“[[反帝大同盟]]”而被捕，随后被学校开除。&lt;ref name="lion " /&gt;&lt;ref name=" wolf" /&gt;

[[20世纪40年代]]，姚雪垠开始搜集[[明史]]资料，他阅读了[[正史]]、[[野史]]、[[地方志]]和明清人的文集，做出了2万张卡片，并且计划开始写《李自成》。&lt;ref name="lion " /&gt;&lt;ref name=" wolf" /&gt;

1957年，姚雪垠被划成“[[右派]]”，发配到[[武汉]]东西湖农场种地，于是他白天看地、栽树、养猪、放牛、防汛，晚上借着一盏小油灯微弱的灯光下下边写反省书边写《李自成》。&lt;ref name="lion " /&gt;&lt;ref name=" wolf" /&gt;

1961年，姚雪垠回复名誉，回到了武汉市区，完成了《李自成》第一卷的修订，1963年交由[[中国青年出版社]]出版。&lt;ref name="lion " /&gt;&lt;ref name=" wolf" /&gt;

[[文化大革命]]初期，《李自成》被批为“大毒草”，[[红卫兵]]前来抄家时，却因[[毛泽东]]的指示而未动姚雪垠家的书籍和作品。&lt;ref name="lion " /&gt;&lt;ref name=" wolf" /&gt;

1975年，姚雪垠向[[毛泽东]]汇报了《李自成》写作情况，&lt;ref name="lion " /&gt;{{cquote|“……敬爱的毛主席！我原先除写《李自成》之外，还有一个写[[太平天国]]的计划，也做了一些必要的准备工作，如今转眼间已经60多岁，身体也不十分好，而《李自成》尚未完成一半。我希望再次获得您的支持……”}}

14天后，姚雪垠收到[[毛泽东]]的回信：“印发政治局各同志。我同意他写李自成小说二卷、三卷至五卷。”&lt;ref name="lion " /&gt;

1977年，姚雪垠的《李自成》第二卷出版。&lt;ref name="lion " /&gt;&lt;ref name=" wolf" /&gt;

1982年，《李自成》荣获首届[[茅盾文学奖]]。&lt;ref name="lion " /&gt;&lt;ref name=" wolf" /&gt;

1997年初春，“因写作过于紧张劳累而突发中风倒在书桌旁”&lt;ref&gt;姚海天：《〈李自成〉·后记》，《李自成》第五卷下册，第79５页，中国青年出版社1999年版。&lt;/ref&gt;。

1999年，姚雪垠在[[北京]][[复兴医院]]逝世。遗嘱捐献50万元，用以设立“姚雪垠长篇历史小说奖励基金”。&lt;ref name=" wolf" /&gt;

== 作品 ==
* 《春暖花开的时候》（长篇，1940）
* 《牛全德与红萝卜》（中篇，1941）
* 《差半车麦秸》（短篇，1943）
* 《长夜》（长篇，1947）
* 《[[李自成 (小說)|李自成]]》长篇小說，长达300余万字，第二卷曾获第一届[[茅盾文学奖]]。

== 亲属 ==
姚雪垠21岁和18岁的王梅彩结婚，两人育有三子一女。&lt;ref name="lion " /&gt;

*王庚先，岳父&lt;ref name="lion " /&gt;
*姚海云，长子
*次子，姚海星
*姚海天，幼子，河南农学院毕业，文字工作者。&lt;ref name="lion " /&gt;
*姚海燕，女儿

== 评价 ==
=== 正面评价 ===
[[明朝]]前期[[历史学]]泰斗[[吴晗]]：“研究早明史你不如我，研究晚明史，我不如你。”&lt;ref name="lion " /&gt;

=== 负面评价 ===
1944年，作家[[胡风]]曾说姚雪垠是：“娼妓作家”、“色情作家”，被说他是“客观主义”和“投机主义”的典型代表。&lt;ref&gt;{{cite web |url=http://news.ifeng.com/history/zhongguojindaishi/detail_2010_11/30/3275890_0.shtml |title=被指为“娼妓作家”：姚雪垠遭胡风“清算”始末 |publisher=凤凰网 |accessdate=2010-11-30 |work= |language =zh-cn}}&lt;/ref&gt;

==参考文献==
&lt;div class="references-small"&gt;
&lt;references&gt;&lt;/references&gt;
&lt;/div&gt;

== 外部链接 ==
{{茅盾文学奖}}

{{DEFAULTSORT:Yao姚}}
[[Category:中華人民共和國小說家]]
[[Category:邓州人]]
[[Category:1910年出生]]
[[category:姚姓|X雪]]
[[Category:全国政协委员]]
[[Category:華中師範大學校友]]
[[Category:茅盾文学奖得主]]</str>
    <str name="title">姚雪垠</str>
    <str name="titleText">姚雪垠</str>
    <int name="revision">32985561</int>
    <date name="timestamp">2014-10-15T21:09:39Z</date>
    <long name="_version_">1484748648348647426</long></doc>
  <doc>
    <str name="id">4321867</str>
    <str name="text">'''姚恭'''（{{bd|1407年||？}}），字'''彥遜'''，浙江台州府臨海縣人，軍籍。[[明朝]]政治人物。進士出身。

應天府鄉試第八十一名。[[正統]]十年（[[1457年]]），參加乙丑科[[會試]]，得[[貢士]]第五十八名。[[殿試]]登[[進士]]第三甲第五名。曾祖父[[姚均華]]。祖父[[姚明理]]。父亲[[姚泰]]&lt;ref&gt;《天一阁藏明代科举录选刊·登科录》（《正統十年乙丑科殿試金榜》）&lt;/ref&gt;。

==参考==
{{reflist}}
{{明朝人物小作品}}
{{正統十年乙丑科殿試金榜}}</str>
    <str name="title">姚恭 (正統進士)</str>
    <str name="titleText">姚恭 (正統進士)</str>
    <str name="user">Walter Grassroot</str>
    <int name="userId">495071</int>
    <int name="revision">33104386</int>
    <date name="timestamp">2014-10-27T23:17:26Z</date>
    <long name="_version_">1484749516421726213</long></doc>
  <doc>
    <str name="id">4322073</str>
    <str name="text">'''姚哲'''（{{bd|1418年||？}}），字'''文明'''，浙江杭州府海寧縣人，軍籍。[[明朝]]政治人物。進士出身。

浙江鄉試第三十名。[[正統]]十年（[[1457年]]），參加乙丑科[[會試]]，得[[貢士]]九十八名。[[殿試]]登[[進士]]第三甲第九十二名。曾祖父[[姚士良]]。祖父[[姚埜遜]]。父亲[[姚禮]]&lt;ref&gt;《天一阁藏明代科举录选刊·登科录》（《正統十年乙丑科殿試金榜》）&lt;/ref&gt;。

==参考==
{{reflist}}
{{明朝人物小作品}}
{{正統十年乙丑科殿試金榜}}</str>
    <str name="title">姚哲</str>
    <str name="titleText">姚哲</str>
    <str name="user">Walter Grassroot</str>
    <int name="userId">495071</int>
    <int name="revision">33105229</int>
    <date name="timestamp">2014-10-28T00:49:46Z</date>
    <long name="_version_">1484749516448989184</long></doc>
  <doc>
    <str name="id">4243130</str>
    <str name="text">'''姚旭'''（{{bd|1417年||？}}），字'''景暘'''，直隸安慶府桐城縣人，民籍，[[明朝]]政治人物。進士出身。

應天府鄉試第一百三十二名。[[景泰]]二年（[[1451年]]），參加辛未科[[會試]]，得[[貢士]]第一百十九名。[[殿試]]登[[進士]]第三甲第九十二名。曾祖父[[姚子華]]。祖父[[姚仲義]]。父亲[[姚宗顯]]&lt;ref&gt;《天一阁藏明代科举录选刊·登科录》（《景泰二年进士登科录》）&lt;/ref&gt;。

==参考==
{{reflist}}
{{明朝人物小作品}}
{{景泰二年辛未科殿試金榜}}</str>
    <str name="title">姚旭</str>
    <str name="titleText">姚旭</str>
    <str name="user">Walter Grassroot</str>
    <int name="userId">495071</int>
    <int name="revision">32721553</int>
    <date name="timestamp">2014-09-19T05:27:17Z</date>
    <long name="_version_">1484749507151265794</long></doc>
  <doc>
    <str name="id">4251624</str>
    <str name="text">'''姚昹'''（{{bd|1425年||？}}），字'''景昭'''，順天府薊州遵化縣人，[[明朝]]政治人物。進士出身。

順天府鄉試第六十六名。[[天順]]元年（[[1457年]]），參加丁丑科[[會試]]，得[[貢士]]第十六名。[[殿試]]登[[進士]]第三甲第一名。曾祖父[[姚善興]]。祖父[[姚銘]]。父亲[[姚喆]]&lt;ref&gt;《天一阁藏明代科举录选刊·登科录》（《景泰二年进士登科录》）&lt;/ref&gt;。

==参考==
{{reflist}}
{{明朝人物小作品}}
{{天順元年丁丑科殿試金榜}}</str>
    <str name="title">姚㫤</str>
    <str name="titleText">姚㫤</str>
    <str name="user">Walter Grassroot</str>
    <int name="userId">495071</int>
    <int name="revision">32760568</int>
    <date name="timestamp">2014-09-22T23:23:48Z</date>
    <long name="_version_">1484749507815014404</long></doc>
  <doc>
    <str name="id">4255321</str>
    <str name="text">'''姚綬'''（{{bd|1422年||？}}），字'''公綬'''，浙江嘉興府嘉興縣人，[[明朝]]政治人物。進士出身。

浙江鄉試第三名。[[天順]]八年（[[1464年]]），參加甲申科[[會試]]，得[[貢士]]第七十四名。[[殿試]]登[[進士]]第二甲第十七名。曾祖父[[姚子英]]。祖父[[姚]]。父亲[[姚]]&lt;ref&gt;《天一阁藏明代科举录选刊·登科录》（《天順八年进士登科录》）&lt;/ref&gt;。

==参考==
{{reflist}}
{{明朝人物小作品}}
{{天順八年甲申科殿試金榜}}</str>
    <str name="title">姚綬</str>
    <str name="titleText">姚綬</str>
    <str name="user">WalterBot</str>
    <int name="userId">1320676</int>
    <int name="revision">32776905</int>
    <date name="timestamp">2014-09-24T21:24:43Z</date>
    <long name="_version_">1484749508123295750</long></doc>
  <doc>
    <str name="id">4255398</str>
    <str name="text">'''姚俊'''（{{bd|1429年||？}}），字'''用章'''，浙江嘉興府秀水縣人，[[明朝]]政治人物。進士出身。

浙江鄉試第六十名。[[天順]]八年（[[1464年]]），參加甲申科[[會試]]，得[[貢士]]第一百七十九名。[[殿試]]登[[進士]]第三甲第四十六名。曾祖父[[姚伯讓]]。祖父[[姚仲謙]]。父亲[[姚璣]]&lt;ref&gt;《天一阁藏明代科举录选刊·登科录》（《天順八年进士登科录》）&lt;/ref&gt;。

==参考==
{{reflist}}
{{明朝人物小作品}}
{{天順八年甲申科殿試金榜}}</str>
    <str name="title">姚俊 (天順進士)</str>
    <str name="titleText">姚俊 (天順進士)</str>
    <str name="user">WalterBot</str>
    <int name="userId">1320676</int>
    <int name="revision">32777025</int>
    <date name="timestamp">2014-09-24T21:31:27Z</date>
    <long name="_version_">1484749508139024386</long></doc>
</result>
</response>
