<?xml version="1.0" encoding="UTF-8"?>
<response>

<lst name="responseHeader">
  <int name="status">0</int>
  <int name="QTime">1</int>
  <lst name="params">
    <str name="q">自行车大约于哪一年传入中国？</str>
    <str name="indent">true</str>
    <str name="wt">xml</str>
  </lst>
</lst>
<result name="response" numFound="1077909" start="0">
  <doc>
    <str name="id">4185836</str>
    <str name="text">* '''[[戶田一西|哪一名江戶時代大名]]'''是[[膳所藩]]首任藩主？
* 1875年签订的'''[[米制公约|哪个国际公约]]'''为[[米制]]的传播和发展奠定了基础？
* '''[[偶氮胂III|哪種含砷有機物]]'''可以用來測定血清鈣？
* [[中國移動]]曾經使用'''[[OPhone|哪个OS]]'''？
* 1955年大西洋飓风季期间的'''[[飓风黛安|哪场三级飓风]]'''造成至少184人死亡，经济损失至少相当于如今的{{Formatprice|{{Inflation|US|754700000|1955}}}}美元，创下新的纪录？
* '''[[柯慕賢|哪位德國外交官]]'''自2013年起出任[[德國駐華大使]]？
* '''[[北條維貞|哪一名鎌倉時代武士]]'''是[[鎌倉幕府]]第11任[[執權]][[北條宗宣]]之子？
* 中國大陸在1963年拍攝的'''[[農奴 (電影)|哪一部電影]]'''以[[西藏农奴制度|西藏農奴]]為主角？
* [[中華人民共和國]]和[[瑞士]]的'''[[中華人民共和國－瑞士關係|關係如何]]'''？
* '''[[凯泽斯劳滕火车总站|哪座车站]]'''是[[凯泽斯劳滕]]境内的唯一的[[德国铁路二等车站列表|德国铁路二等站]]？
* [[藍井艾露]]的'''[[INNOCENCE|哪一張單曲]]'''是動畫《[[刀劍神域]]》ALO篇的主題曲？
* '''[[阿德巴约·阿金芬瓦|哪位足球前鋒]]'''2014年加盟[[AFC溫布頓]]，重達102公斤？</str>
    <str name="title">Wikipedia:新条目推荐/供稿/2014年8月26日</str>
    <str name="titleText">Wikipedia:新条目推荐/供稿/2014年8月26日</str>
    <str name="user">Liangent-bot</str>
    <int name="userId">504154</int>
    <int name="revision">32453421</int>
    <date name="timestamp">2014-08-26T14:40:14Z</date>
    <long name="_version_">1484749502485102592</long></doc>
  <doc>
    <str name="id">1781881</str>
    <str name="text">* [[糖原]]是'''[[糖原生成|如何生成的]]'''？
* [[三國時代]]時，'''[[辛憲英|哪位女性]]'''曾於[[高平陵之變]]中規勸自己的弟弟要盡忠職守？
* '''[[耳|哪個器官]]'''是[[脊椎動物]]的[[聽覺]][[器官]]？
* [[甘罗]]曾劝说'''[[张唐|哪位秦国将领]]'''前去[[燕国]]担任国相？
* '''[[HD 17156|哪颗恒星]]'''拥有[[仙后座]]中首颗[[径向速度法]]发现的行星？
* '''[[晶体学点群|哪种群]]'''描述了[[晶体]]的宏观[[对称]]性？
* 1858年[[挪威]]的'''[[1858年克里斯蒂安尼亚大火|哪一场大火]]'''导致约1,000人无家可归？
* 中国'''[[NY7型柴油机车|哪种铁路机车]]'''昵称为“大马力”？
* '''[[天津美术学院|哪所艺术类高等院校]]'''的前身是[[北洋女师范学堂]]？
* [[明代]][[航海家]][[郑和]]在[[三宝垄]]最初建立了'''[[三保洞|哪一座中国寺庙建筑群]]'''？
* '''[[船尾座V445|哪颗新星]]'''是第一颗观测到[[新星|氦新星]]？
* [[二戰]]德軍入侵[[波蘭]]時，西盤半島上爆發了'''[[西盤半島戰役|哪一場戰役]]'''？
* '''[[李龍大|哪一位韓國羽毛球選手]]'''擁有「國民弟弟」及「[[朴柱奉]]第二」的稱號？
* 被英國廚師[[傑米·奧利弗]]大加鞭撻的'''[[粉紅肉渣|加工肉類食品]]'''，加工過程是怎樣的？
* [[俄罗斯对外情报局]]称二战前的'''[[约瑟夫·贝克|哪位波兰前外长]]'''是德国特务？
* 天津北方网《每日一题，每日一字》的'''[[田蕴章|主讲者是谁]]'''？
* '''[[克卜勒9|哪顆恆星]]'''的行星系是首次以[[凌日法]]發現多顆行星？
* [[ 蘿倫·浮士德|'''哪位動畫製作者''']]是美國動畫[[彩虹小馬：友情就是魔法]]第一季的創意總監？
* [[no3b]]第8張單曲是'''[[Pedicure day|哪一張]]'''？
* 「Hentai」一詞的中文意義是'''[[變態 (日語)|甚麼]]'''？
* [[香港]]'''[[添馬公園|哪個公園]]'''毗鄰[[香港行政長官辦公室]]、[[香港特區政府總部]]及[[立法會綜合大樓]]？
* [[基督教神学]]的'''[[基督教辨惑學|哪个分支]]'''的职责是为教义辩护？
* 人體的'''[[前额|哪個部位]]'''在[[眉毛]]之上、髮際線之下？
* '''[[2006 QH181|哪颗小行星]]'''是目前距离[[太阳]]第四远的[[矮行星候选者列表|矮行星候选者]]？
* [[七星公园]]位于[[桂林市]]的'''[[七星区|哪个城区]]'''？
* '''[[屈匄|哪位楚国将领]]'''于丹阳之战战败后被俘遭处决？
* '''[[蟊賊|哪個貶義詞]]'''原為蟊、賊兩個害蟲之合稱，後世用以稱呼危害國家或人民的人或事？
* '''[[德罗斯特效应|哪一種遞歸的模式]]'''因出現在荷蘭廠牌可可粉的包裝盒上而得名？
* [[法蘭西斯·柯波拉]]曾為拍攝電影在'''[[巴爾奇克|哪座保加利亞城市]]'''停留過？
* '''[[蟹狀星雲|哪个星云]]'''因为形状像[[螃蟹]]而得名？
* 1971年[[西格尼蒂克|西格尼蒂克公司]]推出了'''[[555計時器|哪种常用定时器集成电路芯片]]'''？
* 立陶宛大公[[约盖拉]]加冕波兰国王，开启'''[[雅盖隆王朝时期的波兰|波兰的什么历史时期]]'''？
* [[摩爾多瓦語]]和[[羅馬尼亞語]]有著'''[[摩爾多瓦語言和民族問題|什麽樣的關係]]'''？
* 2008年春节期间'''[[恒源祥十二生肖广告|哪一则广告]]'''以[[生肖|十二生肖]]为主题而广受争议？
* '''[[西方戰線 (第一次世界大戰)|哪一條戰線]]'''決定了[[第一次世界大戰]]的勝負？
* '''[[三氢阳离子|哪种最简单的三原子离子]]'''含有[[三中心两电子键]]？
* '''[[詹姆斯·庫克|哪位英國航海家]]'''曾經三下[[太平洋]]，最終在1779年於[[夏威夷島]]遇害身亡？
* [[中國歷史]]上重武輕文，地方[[藩鎮]]時常篡奪中央朝廷，且[[燕雲十六州]]被割給[[契丹國]]的'''[[五代十國|時期是哪個]]'''？
* [[羅馬尼亞]]在[[戰間期]]的領土'''[[大罗马尼亚|被稱為什麽]]'''？
* '''[[丹尼爾·丹尼特|哪人]]'''與[[理查德·道金斯]]、[[山姆·哈里斯]]及[[克里斯托弗·希欽斯]]共同被媒體稱作新[[無神論]]的四騎士？
* 探寻“上帝粒子”[[希格斯玻色子]]的任务由[[紧凑渺子线圈]]和'''[[超導環場探測器|哪个探测器]]'''承担？
* [[宁波]]市区三江上有'''[[宁波三江桥梁列表|哪些桥梁]]'''？
* 戰爭相關計劃中，衡量'''[[國家實力合成指數|國家硬實力的指數]]'''是？？
* '''[[狄利克雷原理|什么原理]]'''将[[泊松方程|泊松微分方程]]的解刻画为某个势能函数的最小解？
* '''[[加泰羅尼亞語地區|有哪些地區]]'''使用[[加泰羅尼亞語]]？
* [[生物化学]]领域中'''[[生物化学常见缩写列表|有哪些缩写]]'''？
* '''[[韶山5型电力机车|哪种铁路机车]]'''是中国第一种快速客运[[电力机车]]？
* [[中華人民共和國]]和[[朝鮮民主主義人民共和國|朝鮮]]有著'''[[中朝關係|怎樣的外交關係]]'''？
* [[昴宿一|'''哪颗巨星''']]是[[昴宿星团]]第三亮的[[恒星]]？
* '''[[三氢阳离子|哪种离子]]'''由三个[[氢]]原子构成，并广泛存在于[[星际介质]]中？
* '''[[Mac App Store|哪个应用程序数字发布平台]]'''2011年1月6日上线首日应用程序下载量超过一百万？
* 天津[[天津租界|九国租界]]中的'''[[天津法租界|哪国租界]]'''位于[[天津英租界|英租界]]和[[天津日租界|日租界]]之间？
* [[第一次世界大戰]]後，獲勝的[[協約國]]在[[巴黎]]舉辦'''[[巴黎和会 (1919年)|哪個會議]]'''？
* [[科索沃]]獨立與'''[[大阿爾巴尼亞|哪種思潮]]'''頗有關係？
* '''[[蟹状星云|哪个星云]]'''产生于[[SN 1054|1054年的超新星爆发]]？
* [[张仪]]欺楚后，[[秦惠文王]]任命'''[[魏章|哪位秦国将领]]'''在[[丹阳]]大败[[楚国]]军队？
* [[臺灣]]的垃圾焚化廠'''[[臺灣垃圾焚化廠列表|有哪些]]'''??
* 世界最長的懸掛式[[單軌鐵路]]位於[[千葉都市單軌電車|'''哪裡''']]？
* [[匈牙利]]在[[戰間期]]的國名是'''[[匈牙利王国 (1920年—1946年)|什麽]]'''？
* 第一次世界大戰後，[[美國總統]][[伍德羅·威爾遜|威爾遜]]提出'''[[十四點和平原則|哪些主張]]'''，成為[[巴黎和會 (1919年)|巴黎和會]]中議和之指導綱領？
* '''[[KOI-961|哪個恆星旁]]'''發現了三顆體積介於[[火星]]和[[金星]]之間的[[系外行星]]？
* [[双极性晶体管]]的'''[[达灵顿晶体管|哪种级联方式]]'''将两个晶体管的集电极连接在一起？
* '''[[精密國際AX50狙擊步槍|哪枝狙擊步槍]]'''是由[[精密國際]]以[[精密國際AWM狙擊步槍|AWM]]改進而成[[精密國際AX338狙擊步槍|精密國際AX338]]的[[12.7×99mm NATO|12.7 × 99 毫米]][[北大西洋公约组织|北約]][[口徑]]（.50 BMG）版本？
* '''[[史密斯威森M22左輪手槍|哪一把左輪手槍]]'''發射[[.45 ACP|.45 自動手槍子彈]]，並在[[1988年]]推出？
* '''[[奧薩瑪·賓·拉登之死|哪一名恐怖份子的死訊]]'''讓[[美國人]]為之歡呼？
* [[烏克蘭]]的'''[[切爾諾夫策|哪座城市]]'''有「小[[維也納]]」之稱？
* '''[[小行星762|哪颗双小行星]]'''以俄国[[普尔科沃天文台]]命名？
* '''[[T122/123、T124/121次列车|哪趟列车]]'''的开行结束了[[吉林省]]没有[[进穗列车]]的历史？
* '''[[澳亞航空|哪家航空公司]]'''名稱是源自在被[[澳洲航空]]收購的泛澳大利亞航空？
* '''[[光电二极管|哪种二极管]]'''在[[光电耦合元件]]中充当光信号的接收器？
* '''[[列宁格勒案件|为什么]]'''[[赫鲁晓夫]]戏称[[柯西金]]拿到了一张“中奖彩票”？
* 一種對德國人'''[[反德|反感的心態]]'''叫什麼？
* '''[[馬全|哪位清朝將領]]'''曾經先中武[[探花]]，再中武[[狀元]]？
* 中国于1980年代从日本引进了'''[[6K型电力机车|哪种电力机车]]'''？
* [[中苏交恶]]后，中国借'''[[勃列日涅夫之死|苏联哪位领导人的葬礼]]'''发起了葬礼外交？
* '''[[负反馈放大器|哪一种放大器电路]]'''的发明专利审核时间长达8年？
* '''[[何鴻鑾|哪一位何東家族成員]]'''是[[香港政府]]首任[[民政署長]]？
* [[化学]]中有'''[[未解决的化学问题|哪些未解决的问题]]'''？
* '''[[衡阳湘江公铁大桥|哪一座桥梁]]'''承载单线非电气化的[[湘桂铁路]]跨越[[湘江]]？
* [[扇形车库|'''哪种车库''']]设有转车盘以方便维修和存放[[蒸汽机车]]？
* [[葛云飞|'''哪位清朝总兵''']]在中英[[鸦片战争]]的[[定海]]之战中身披四十余创，以身殉国？
* [[NASA]]的[[旅行者2号|-{zh-cn:旅行者2号; zh-tw:航海家2號; zh-hk:航行者2號}-]]将在4万年后接近'''[[罗斯248|哪颗恒星]]'''？
* '''[[磨床|何種工具機]]'''能利用磨具進行研磨工件之多餘量以獲得所需之形狀、尺寸及精密加工面？
* 在《[[墨子 (书)|墨經]]》裏，「挈與枝板，說在薄。」這句話指的是'''[[滑轮|甚麼機械]]'''的操作機制？
* '''[[Paedophryne amauensis|哪一種青蛙]]'''小得可以站在[[10美分硬幣]]上？
* 新[[天津图书馆]]因看似“未完工”而被天津市领导下令'''[[天津图书馆外立面改造事件|做了什么事]]'''？
* 受[[美国宪法第一修正案]]保护的[[言论自由]]有'''[[美国言论自由的例外|哪些例外]]'''？
* '''[[WASP-43b|哪個系外行星]]'''是已知的[[熱木星]]中距離母恆星最近的？
* '''[[T101/102次列车|哪趟列车]]'''是[[深圳]]始发的第二趟[[进沪列车]]？
* 《[[三國志]]》中[[曹魏]]謀臣[[程昱]]曾'''[[萬人敵|如何形容]]'''猛將[[關羽]]、[[張飛]]的武勇？
* 概率论中，'''[[随机变量的收敛|如何刻画]]'''随机变量序列的渐进变化趋势？
* [[三國]]時代，[[蜀漢]][[大將軍]][[費禕]]是被'''[[郭脩|誰人]]'''刺殺而身亡的？
* '''[[阿卜杜勒-侯賽因·米爾扎·法爾曼法爾馬|哪位伊朗總理]]'''成立了伊朗第一所農業合作社？
* '''[[顾娟|哪一位]]'''是2011年年終女單世界排名最高的[[新加坡]]籍羽毛球選手？
* '''[[CFM56|哪种型号的发动机]]'''共制造了超过20,000台，使用于[[波音737]]、[[空中客车A320]]等飞机上？
* [[重庆电视台]]'''[[雾都夜话|哪一档栏目剧]]'''自1994年播出至今？
* [[鯨魚座]]中最明亮的恆星是'''[[土司空|哪一顆]]'''？
* 迄今为止，都有哪些国家当选过'''[[联合国安全理事会成员国列表|联合国安理会的成员国]]'''？
* '''[[系年|哪一部出土文献]]'''解决了长期争议的[[共和执政]]和[[秦国|秦人]]源流问题？
* '''[[T89/90次列车|哪趟列车]]'''是[[河北]]省会[[石家庄]]始发的唯一[[进穗列车]]？
* [[十六國]]時'''[[苻坚|哪位前秦君主]]'''在位期間成功統一中國北方，並曾試圖以武力統一中國？
* '''[[蕭山令|哪位憲兵副司令]]'''在南京保衛戰中殉國？
* '''[[和加尼牙孜|哪位维吾尔人]]'''曾擔任過[[東突厥斯坦共和國]]總統和[[新疆省]]副主席？
* '''[[紀念碑谷|哪個位於亞利桑那州和猶他州交界谷地]]'''常出現在[[約翰·福特]]的多部西部片中？
* '''[[时传祥|哪位中国全国劳动模范]]'''提出了“宁愿一人脏，换来万人净”的口号？
* [[2012年]]年初的'''[[東京台灣女學生命案|哪一件兇殺案]]'''震驚台灣與日本？
* [[计算机科学]]中，用'''[[外排序|什么方法]]'''可以对数据大小超过内存大小的数据进行排序？
* '''[[飛鷹航空|哪家航空公司]]'''是以[[紐西蘭支線航空]]的品牌營運，採用[[比奇1900]]飛機？
* '''[[高良薑 (山薑屬)|哪一種植物]]'''載錄於《[[中國藥典]]》2005年版，定為[[中藥]]高良薑的的法定原植物來源種？
* '''[[让·马比雍|哪位修士]]'''被认为是西方古文献学和古文字学的创始人？
* [[北周]][[宇文泰]]曾稱讚'''[[王傑 (北周)|哪一位將領]]'''是「[[萬人敵]]」？
* 汕头市的'''[[鸥汀街道|哪一个街道办事处]]'''有“汕头的发源地”之称？
* 英国内陆最大的'''[[斯高特荒原风力发电厂|风力发电厂]]'''叫什么名字？
* 谁是第一位给[[慈禧]]画肖像画的'''[[胡博·华士|西方男性画家]]'''？
* '''[[Wolfram 演示项目|哪个Wolfram Research推出的网站]]'''旨在为用户引入探索性计算的解决方案?
* '''[[李福逑|哪位官員]]'''是[[香港]]首位[[華人]][[社會福利署|社會福利署署長]]、[[勞工及福利局|社會事務司]]和[[民政司]]？
* 《[[孫子兵法]]》中以'''[[率然|哪種動物]]'''比喻一種重視首尾相顧的[[陣法]]？
* '''[[天津英租界|哪国租界]]'''是[[天津]]的[[天津租界|九国租界]]中最早设立的？
* '''[[T87/88次列车|哪趟列车]]'''是[[贵州]]省会[[贵阳]]始发的唯一[[进京列车]]？
* '''[[贝纳多·贝洛托|哪位威尼斯风景画画家]]'''常常借用[[加纳莱托|他舅舅]]的名字在自己的画作上署名？
* '''[[大卫·法布里奇乌斯|哪位德国天文学家]]'''发现了周期性变星[[米拉]]？
* '''[[秦武王|哪位秦国君主]]'''因举鼎而死？
* 1788年'''[[清越戰爭|哪一场战争]]'''是清朝和[[后黎朝]]发动的?
* '''[[维生素B12全合成|哪项经典的全合成]]'''由伍德沃德于1973年完成？
* '''[[亨克·滕卡特|哪位荷兰教练]]'''在2012年1月5日成为[[中超]]球队[[山东鲁能泰山]]的主教练？
* '''[[T81/82次列车|哪趟列车]]'''是连接[[南宁]]至[[上海]]间的首趟[[特快列车]]？
* '''[[8K型电力机车|哪种铁路机车]]'''是中国第一次通过国际招标引进的[[电力机车]]？
* [[美国最高法院]]的'''[[麦卡洛克诉马里兰州案|哪个判例]]'''首次践行了含蓄默示权，并动摇了州权至上的理念？
* '''[[魚叉|何種工具]]'''形似[[矛]]，常用於[[捕魚]]、獵殺[[鯨魚]]等大海中之哺乳類動物？
* '''[[侯古堆一号墓|哪座东周古墓]]'''出土了中国最早的[[轿|轿子]]？
* '''[[斯特魯維家族|哪個家族]]'''是連續五代的天文學家世家？
* '''[[大高良薑|哪一種山薑屬植物]]'''為[[中藥]]紅豆蔻的植物來源種？
* ''' [[PAMELA|哪一個實驗]]'''第一次搭載人造衛星觀測[[宇宙射線]]？
* '''[[东风型柴油动车组|哪款列车]]'''是中国第一种[[柴油動車組|柴油动车组]]？
* '''[[中国3D电视试验频道|哪个频道]]'''是中国大陆第一个3D电视频道？
* '''[[穆斯圖菲·瑪瑪雷克|哪位伊朗總理]]'''在1926年第六度出任該職？
* '''[[静态变量|哪类变量]]'''以静态分配的方式获取存储空间？
* '''[[小行星720|哪颗小行星]]'''以[[瑞典]]天文学家西奥多·博林的名字命名？
* '''[[T77/78次列车|哪趟列车]]'''曾在2010年发生了[[2010年沪昆铁路列车脱线事故|沪昆铁路列车脱线事故]]？
* '''[[紫茎泽兰|哪种入侵植物]]'''在《中国第一批外来入侵物种名单》中名列第一位？
* [[蘇州市]]的市旗是'''[[蘇州市市旗|哪一面]]'''？
* '''[[反舰弹道导弹|哪类导弹]]'''的攻击目标是[[航空母舰]]？
* '''[[精密國際AX338狙擊步槍|哪枝狙擊步槍]]'''是由[[精密國際]]以[[精密國際AWM狙擊步槍|AWM]]改進而成，為參與精密狙擊步槍的競標而研製的？
* '''[[小行星702|哪颗小行星]]'''是[[碰撞家族]]中最大的[[小行星]]？
* '''[[蛇神威|哪一種蛇神]]'''在[[日本]][[阿伊努族]]中流傳，會發出惡臭讓人[[皮膚]]潰爛而死？
* '''[[徐显秀墓|哪座墓葬]]'''是目前[[中国]]发现的保存最完整的大型[[北齐]][[壁画]]墓？
* '''[[美国版X音素|哪个美国歌唱比赛]]'''号称是“電視史上最大的一筆奖金”的[[真人秀]]？
* '''[[Bad_apple!!|哪部改编曲和网络视频]]'''改编自[[東方幻想鄉_～_Lotus_Land_Story.]]的一首背景音乐，并广泛流传于网络上？
* [[2011年]][[12月]]'''[[2011年12月22日巴格达连环爆炸案|哪一场爆炸]]'''发生在[[巴格达]]?
* [[AKB48]]首次於[[巨蛋]]舉行的演唱會是'''[[AKB48西武巨蛋演唱會|哪一場]]'''？
* 香港[[泛民主派]]為決定2012年香港特別行政區行政長官選舉之代表，進行了'''[[2012年香港特別行政區行政長官選舉泛民主派初選|甚麼活動]]'''？
* 1970年代，罗马尼亚“以物抵债”向中国出口'''[[中国铁路ND2型柴油机车|哪种柴油机车]]'''？
* [[外经贸部]]直属的'''[[天津对外贸易学院|哪所高校]]'''在[[李岚清]]的提议下于1994年并入[[南开大学]]？
* '''[[賴廉士|哪一位香港大學教授]]'''在1942年於[[廣東]][[曲江縣|曲江]]創立[[英軍服務團]]？
* '''[[T69/70次列车|哪趟列车]]'''是[[新疆]]首趟[[进京列车]]？
* '''[[斜面|甚麼]]'''[[簡單機械]]是一種傾斜的有限尺寸[[平面]]，能夠將物體比較不費力地從低處移動至高處？
* '''[[高级战争|哪一款游戏]]'''是由Intelligent Systems公司开发的回合制战争模拟类[[GBA]]平台游戏？
* 类UNIX系统中内核以'''[[用户ID|哪种数值]]'''来辨识用户？
* '''[[M240通用機槍|哪一挺]]'''[[通用機槍]]是[[美国军事|美軍]]現役制式機槍，而且比美國製造的[[M60通用機槍]]更為可靠？
* [[哈爾濱]]曾經通行的市旗是'''[[哈爾濱市市旗|哪一面]]'''？
* “1+1”是'''[[哥德巴赫猜想|哪个著名数学猜想]]'''的别称？
* [[十六國]]時期[[前燕]]的'''[[慕容恪|哪位大臣]]'''曾以[[太宰]]身分[[攝政]]，並領兵攻佔了[[洛陽]]？
* 天文學家在[[恆星]]HD 40307周圍發現的第三顆[[行星]]是'''[[HD 40307 d|哪一顆]]'''？</str>
    <str name="title">Wikipedia:新条目推荐/存档/2012年1月</str>
    <str name="titleText">Wikipedia:新条目推荐/存档/2012年1月</str>
    <str name="user">Liangent</str>
    <int name="userId">252699</int>
    <int name="revision">19106754</int>
    <date name="timestamp">2012-01-31T14:00:17Z</date>
    <long name="_version_">1484749091386687489</long></doc>
  <doc>
    <str name="id">3782354</str>
    <str name="text">* '''[[约翰·费舍尔，第一代费舍尔男爵|英國哪位第一海务大臣]]'''在任内主持[[无畏号战列舰]]的设计与建造工作？
* '''[[ISDB|哪一種數碼電視制式]]'''被日本、部份中美洲國家及多數南美洲國家使用？
* [[加拿大]][[阿尔伯塔省议会]]于1937年通过了'''[[正确新闻及资讯法|哪一项法案]]'''旨在对省内的[[新闻自由]]作出限制，最后不但法案完全没能成为法律，还让与政府斗争的近百家报社赢得了[[普利策奖]]的肯定？
* '''[[葛柏|哪一位香港外籍總警司]]'''在1973年6月潛逃[[英國]]，以逃避[[香港警察|警方]]對他涉嫌貪污受賄展開的內部調查，最終促成[[廉政公署 (香港)|廉政公署]]在1974年2月成立？
* '''[[南昌大楼|哪一幢上海公寓大楼]]'''是以在上海作飞行表演时坠亡的法国飞行员环龙为名的？
* [[韩国铁道8200型电力机车]]是根据'''[[ES64F型电力机车|哪款机车]]'''开发的？
* '''[[美國駐英國大使館|哪一座大使館]]'''是[[美國]]在[[西歐]]各國中最大的[[外交代表機構|駐外使領館]]建築？</str>
    <str name="title">Wikipedia:新条目推荐/供稿/2014年1月3日</str>
    <str name="titleText">Wikipedia:新条目推荐/供稿/2014年1月3日</str>
    <str name="user">Liangent-bot</str>
    <int name="userId">504154</int>
    <int name="revision">29723579</int>
    <date name="timestamp">2014-01-03T15:20:24Z</date>
    <long name="_version_">1484749440236388354</long></doc>
  <doc>
    <str name="id">3965172</str>
    <str name="text">* 罗马[[前三头同盟|前三头]]之一的克拉苏因为成功镇压'''[[斯巴达克斯起义|哪场奴隶起义]]'''而当选执政官？
* 女性組合[[X21]]以'''[[畢業往明日|哪張出道單曲]]'''加入[[日本]]娛樂圈「[[日本流行音樂#偶像戰國時代（2010年－）|偶像戰國時代]]」的競爭？
* 中华人民共和国于1955年设立的'''[[中华人民共和国大元帅|哪个军衔]]'''原定授予毛泽东，却因毛泽东的推辞而未授予任何人？
* '''[[K827/830、K829/828次列车|哪趟列车]]'''是[[内六铁路]]建成后开行的首趟长途[[旅客列车]]？
* '''[[青山长江大桥|哪一座长江大桥]]'''是[[武汉四环线]]上主跨最长的[[斜拉桥]]？
* '''[[印洲塘海岸公園|哪個海岸公園]]'''的地貌為[[香港]]東北部獨有？
* '''[[喬許·布洛林|哪位美國男演員]]'''在傳記電影《[[殊不簡單|-{zh-hans:小布什传;zh-hk:殊不簡單;zh-tw:喬治·布希之叱吒風雲;}-]]》中飾演[[小布希|小-{zh-hans:布什;zh-hk:布殊;zh-tw:布希;}-總統]]，而得到衛星獎最佳男演員？</str>
    <str name="title">Wikipedia:新条目推荐/供稿/2014年5月8日</str>
    <str name="titleText">Wikipedia:新条目推荐/供稿/2014年5月8日</str>
    <str name="user">Liangent-bot</str>
    <int name="userId">504154</int>
    <int name="revision">31235434</int>
    <date name="timestamp">2014-05-08T15:40:17Z</date>
    <long name="_version_">1484749480322400259</long></doc>
  <doc>
    <str name="id">1749128</str>
    <str name="text">* [[日本]]最大的移動通訊企業是'''[[NTT DOCOMO|哪家公司]]'''？
* '''[[秦景公|哪位秦国君主]]'''的墓葬是现今[[中国]]发掘的最大墓葬？
* '''[[T65/66次列车|哪趟列车]]'''是[[南京]]始发直通[[北京]]的首趟列车？
* 2011年12月中国内地发生了'''[[2011年中国网站用户资料泄露事件|哪件网络安全事件]]'''？
* [[AKB48]]參照[[NHK紅白歌合戰]]而舉辦了'''[[AKB48紅白對抗歌合戰|哪一場演唱會]]'''？
* [[日本]]有哪些都市擁有'''[[日本地下鐵|地下鐵]]'''？
* 葡萄牙海軍將領[[阿方索·德·阿尔布克尔克|亞豐素雅布基]]在1507年對波斯發動了'''[[波斯－葡萄牙戰爭|甚麼戰爭]]'''？
* '''[[中国铁路6Y2型电力机车|哪种铁路机车]]'''是中国第一种从国外进口的[[電力機車|电力机车]]？
* '''[[佛甲草|哪一種景天屬植物]]'''人工栽培作綠化屋頂之用？
* [[新加坡]]的'''[[集选区|什么选举制度]]'''下需要几个人组成团队一起参选？
* '''[[国际食物政策研究所|哪一個機構]]'''旨在終結飢餓和貧窮問題？
* [[東京]]的第七個副都心位於'''[[東京臨海副都心|哪裡]]'''？
* 1983年9月14日，桂林發生了'''[[1983年桂林奇峰岭机场撞机事件|哪一起民航客機與軍方飛機相撞事件]]'''？
* '''[[馬來西亞下議院|哪個議會]]'''是[[馬來西亞]]的[[眾議院]]?
* 澳門於[[2000年代]]裏所發生的火災中，死亡人數最多的是'''[[2003年澳門馬里二手雜貨店火警|哪一次]]'''？
* '''[[特洛伊·戴維思|美國哪名犯人]]'''的死刑執行過程備受爭議并最終在2011年被執行[[死刑]]？
* 美商[[超微半導體]]的'''[[AMD Bulldozer|哪種微架構]]'''是2011年[[金氏世界紀錄]]「最高時脈的[[中央處理器|電腦處理器]]」，並被稱作“推土機”？
* '''[[1,1,1,2-四氟乙烷|哪一种制冷剂]]'''现已替代了会造成[[臭氧层]]破坏的[[二氟二氯甲烷]]，成为小型[[冰箱]]与[[汽车空调]]中最常用的[[制冷剂]]？
* [[令狐之战]]和[[河曲之战]]发生于'''[[秦康公|哪位秦国君主]]'''在位时期？
* [[田汉]]的《人民需要这样的演员》是为'''[[陈素真|哪位]]'''[[豫剧]]大师正名而写？
* '''[[火箭人 (馬)|哪匹]]'''競賽馬匹是新加坡首匹勝出國際一級賽的賽駒？
* [[日本]]的'''[[水戶線|哪條鐵路線路]]'''雖不經過[[水戶市]]卻以水戶作為線路名稱？
* '''[[K950/951、K952/949次列车|哪趟列车]]'''曾是[[桂林]]始发的第一趟[[特快列车]]？
* 著名航海家[[威廉·巴芬]]在'''[[攻佔奧爾穆茲 (1622年)|哪個戰役]]'''裡傷重身亡？
* '''[[馬來西亞上議院|哪個機構]]'''是[[馬來西亞]]的參議院？
* '''[[李遵白|哪位教授]]'''的著作《高房价支撑政策中的利益困局分析》对中国大陆当前高房价政策进行警告？
* 哪部'''[[妙警賊探|美國電視劇]]'''講述了一個天才騙子為獲取自由而協助[[FBI]]的故事？
* [[小田急電鐵]]的'''[[小田急羅曼史號|哪種列車]]'''被該公司作為其的官方宣傳廣告？
* '''[[秦文公|哪位秦国君主]]'''修建了[[鄜畤]]和[[陈宝祠]]？
* [[前燕]]的'''[[慕容儁|哪位君主]]'''在位期間正式脫離[[東晉]]稱帝自立，最終令前燕與東晉及[[前秦]]三國鼎立？
* [[汕头市]]是'''[[澄海行政区划沿革|如何]]'''脱胎于[[澄海县]]，并逐渐将市辖区扩大到[[澄海]]的？
* [[酷玩樂隊]]的第五張[[音樂專輯]]是哪張'''[[彩繪人生|專輯]]'''？
* '''[[频哪醇偶联反应|哪种有机化学反应]]'''，是通过[[羰基]]和羰基发生[[自由基反应]]，从而形成新的[[碳]]-碳[[单键]]?
* [[日本]]的'''[[和歌山線|哪條鐵路線路]]'''是自[[奈良縣]]的王寺車站至[[和歌山縣]]的[[和歌山車站]]？
* 波斯沙阿[[阿拔斯一世 (波斯)|阿拔斯一世]]在1609年派遣'''[[波斯出使歐洲使團 (1609年-1615年)|甚麼人]]'''出使歐洲？
* '''[[阿里·阿斯加爾·伊本·侯賽因|誰]]'''是卡爾巴拉戰役最年輕的殉道者？
* '''[[数值分析|哪一個數學領域]]'''用近似的方式研究方程式求解、定積分及最佳化等問題？
* [[大连机车车辆厂]]于1980年代研制了'''[[东风10型柴油机车|哪种双节八轴柴油机车]]'''？
* [[谷氨酸]]脱氨基后形成'''[[α-酮戊二酸|哪种二羧酸]]'''？
* 洛克菲勒财团在[[天津市]]滨海新区出资建设'''[[罗斯洛克国际金融中心|哪座摩天大楼]]'''在建筑理念上与纽约市的[[洛克菲勒中心]]保持一致并遥相呼应？
* '''[[Do They Know It's Christmas?|哪一首1984年英国群星所演唱的慈善圣诞歌曲]]'''成为了英国历史上销量第二高的单曲？
* '''[[松前線|哪條日本鐵路線]]'''是行走木古內站至松前站？
* 天文學家在[[恆星]]HD 85512周圍發現'''[[HD 85512 b|哪一顆行星]]'''？
* '''[[第二人生 (五月天)|哪一張專輯]]'''是[[台灣]]搖滾團體[[五月天]]以[[末世論]]為題材的專輯？
* '''[[2011年世界羽聯超級系列賽總決賽|哪一項羽毛球大賽]]'''是在[[廣西]][[柳州市]][[李宁体育馆]]舉行的首項國際賽事？
* '''[[T59/60次列车|哪趟列车]]'''是[[秦沈客运专线]]正式运营后的首班列车？
* '''[[060 DA型柴油机车|哪种铁路机车]]'''是[[罗马尼亚]]产量最大、名气最响的[[柴油机车]]？
* '''[[戴斯德|哪一位香港輔政司]]'''在[[第二次世界大戰]]期間曾經在[[英屬印度陸軍]]和[[英軍服務團]]服役？
* '''[[慣性|甚麼]]'''是物體抵抗其運動狀態被改變的性質？
* '''[[IGR岩手銀河鐵道|哪一家]]'''日本鐵路公司的命名，是出自一本童話作品？
* '''[[斯賓塞·康普頓，第一代維明頓伯爵|哪一位]]'''英国首相实际上只是卡特里特勋爵的傀儡？
* '''[[T41/42次列车|哪趟列车]]'''是[[中国西北地区]]第一个装备[[空调]]的列车？
* 土卫三上的'''[[伊薩卡峽谷|哪个峡谷]]'''是太阳系最长的峡谷之一？
* '''[[尼科洛·塔尔塔利亚|哪一位意大利数学家]]'''将[[三次方程]]的解法藏在暗语般的诗歌中告诉了[[卡尔达诺]]？
* '''[[希爾凡|哪個古地名]]'''在[[庫爾德語]]裡有「獅子保護者」的意思？
* '''[[小橋流水|哪匹馬]]'''在[[馬會短途錦標]]成功牽制大熱門[[盈彩繽紛]]下取勝？
* 苏里南'''[[苏里南伊斯兰教|哪个宗教]]'''的人口占该国人口的比重位居美洲第一？
* [[日本漫畫]]《[[ONE PIECE]]》中，'''[[白星|哪一個人物]]'''的外號是「人魚公主」？
* 瑞典流行团体[[ABBA]]的'''[[新年快乐 (单曲)|哪首单曲]]'''常被选为[[元旦|新年到来]]的庆祝歌曲？
* [[走廊奔跑隊|走廊奔跑隊7]]的第3張單曲是'''[[希望山脉|哪一張]]'''？
* [[2012年夏季奧林匹克運動會|2012年倫敦奧運]][[2012年夏季奧林匹克運動會手球比賽|手球項目]]決賽賽事將在'''[[倫敦奧運籃球館|哪個奧運場館]]'''進行？
* '''[[T43/44次列车|哪趟列车]]'''是连接[[中国共产党]][[革命圣地]][[延安]]和[[北京]]的重点列车？
* '''[[杜德 (華民政務司)|哪位署理財政司]]'''在任內首次為[[香港政府]]發行[[香港一仙紙幣|一仙]]、[[香港五仙紙幣|五仙]]和[[香港一毫紙幣|一毫]][[香港紙幣|紙幣]]？
* 2011年12月13日，[[比利时]][[列日]]发生了'''[[2011年列日袭击案|什么枪击、手榴弹袭击事件]]'''？
* '''[[昭和基地|哪一個]]'''[[南極科學考察站]]，是[[日劇]][[南極大陸 (電視劇)|南極大陸]]故事內的主要場景？
* 在1980年代，中国通过易货贸易从[[苏联]]引进了'''[[中国铁路8G型电力机车|哪种电力机车]]'''？
* '''[[秦襄公|哪一位秦国君主]]'''是[[秦国]]被正式封为诸侯后的第一位君主？
* '''[[王國之心系列|哪個遊戲系列]]'''以[[索拉 (王國之心)|索拉]]為故事主角？
* '''[[海爾·妮薩·貝加姆|哪位波斯皇后]]'''在1579年被絞殺？
* 在[[Oricon公信榜]]，[[AKB48]]憑'''[[崇尚麻里子|哪一張單曲]]'''取代[[Pink Lady]]、[[安室奈美惠]]、[[濱崎步]]和[[宇多田光]]成為最多百萬銷量單曲的女藝人？
* '''[[穆罕默德·科達班達|哪位薩非王朝沙阿]]'''的視力幾近失明？
* '''[[T27/28次列车|哪趟列车]]'''是[[北京]]直通[[拉萨]]的唯一一趟[[列车]]？
* 大气中的'''[[懸浮粒子|哪一种污染物]]'''來源包括塵土、海鹽等物質？
* '''[[高窗乐队|哪支以色列乐队]]'''的同名唱片在发现四十年后被颁予了以色列[[金唱片|白金唱片认证]]？
* '''[[罗伯特·诺伊斯|哪一位英特尔的共同創始人]]'''也是电子器件[[集成电路]]的发明者之一？
* '''[[线列步兵|哪一种]]'''步兵是18世纪欧洲国家的主力步兵？
* [[波斯]][[沙阿]][[阿拔斯一世 (波斯)|阿拔斯一世]]在1599年派遣'''[[波斯出使歐洲使團 (1599年-1602年)|哪些人]]'''出使歐洲？
* '''[[T22/23、T24/21次列车|哪趟列车]]'''是[[中国]]首趟进入[[西藏]]的[[特快旅客列车]]？
* 清代'''[[宗室果齊斯歡|哪位宗室翰林]]'''在擔任黑龍江將軍期間卒於任內？
* 1555年締結的《[[阿馬西亞和約]]》使'''[[奧斯曼-薩非戰爭 (1532年-1555年)|甚麼戰爭]]'''得以結束？
* [[春秋時代]][[孫叔敖]]曾因殺掉'''[[枳首蛇|哪種怪蛇]]'''而受到母親的稱讚？
* 美国[[佐治亚州]]'''[[佐治亚引导石|哪处神秘建筑]]'''有“美国[[巨石阵]]”之称？
* [[约翰·加尔文]]的'''[[基督教要义|哪部著作]]'''是[[归正宗]]最重要的神学理论文献？
* '''[[苏州中学|哪所中学]]'''的前身是[[范仲淹]]创办的[[苏州府学]]？
* 在[[粒子物理]]中，[[中微子振蕩|-{zh-hans:中微子;zh-hant:微中子}-振蕩]]的物理主要是由'''[[龐蒂科夫-牧-中川-坂田矩陣|哪一個矩陣]]'''所描述？
* 為了對抗[[奧斯曼帝國]]，[[哈布斯堡君主國]]與[[波斯帝國]]在16世紀建立了'''[[哈布斯堡-波斯同盟|哪種關係]]'''？
* '''[[卡達聖|哪匹馬]]'''在[[馬會一哩錦標]]後上擊敗[[香港馬王]][[雄心威龍]]？
* '''[[T107/108次列车|哪趟列车]]'''是[[深圳]]直通[[北京]]的首趟[[特快列车]]？
* '''[[荷蘭最高法院|哪個機關]]'''是[[荷蘭]]、[[庫拉索]]、[[聖馬丁]]和[[阿魯巴]]等地的最高法院？
* [[苏联]]'''[[柳德米拉·帕夫里琴科|哪位女狙击手]]'''在[[二战]]中击毙了309名德军士兵？
* 為了入侵[[英屬印度諸省|英屬印度]]，[[拿破崙一世]]與[[波斯]]建立了'''[[法国-波斯同盟|哪種關係]]'''？
* '''[[永井謙佑|哪名足球运动员]]'''是[[2010年亚洲运动会足球比赛|2010年亚洲运动会男子足球比赛]]的最佳射手？
* [[中华人民共和国]]实行怎样的'''[[中华人民共和国签证政策|签证政策]]'''？
* [[清代]]中国的'''[[坎巨提|哪一个属国]]'''于1891年成为[[英属印度]]的一个[[土邦]]？
* 人类发现的首颗适合生物生存的[[太阳系]]外[[类地行星]]是'''[[开普勒-22b|哪颗行星]]'''？
* 香港哪一場'''[[2011年花園街排檔大火|火災]]'''是[[香港回歸|回歸]]以來死亡人數最多的火災？
* '''[[九世之乱|商朝哪次历史事件]]'''延续近百年，造成[[商朝]]九代君主继承混乱，国力中衰，诸侯不朝？
* 哪一款納粹德國'''[[Me 263戰鬥機|戰鬥機]]'''只製造了三架原型？
* 反相闭环[[运算放大器]]比例电路中，如果同相输入端[[接地]]，那么反相输入会出现'''[[虚拟接地|什么状态]]'''？
* '''[[坐標系|哪一種數學系統]]'''可以用一組純量表示一個點的位置？
* [[French Kiss]]憑'''[[最初的Mail|哪一張單曲]]'''首次奪得[[Oricon公信榜|Oricon]]週榜冠軍？
* 標誌着[[波斯]]的獅子和太陽在'''[[穆罕默德沙·卡扎爾|哪位君王]]'''的統治時期被採納成為國旗的一部分？
* '''[[欢乐计划|哪一档真人秀节目]]'''的获胜者可以获得在美剧《[[欢乐合唱团]]》中出演7集的奖励？
* '''[[阿富汗历史]]'''發展是怎樣的？
* '''[[满山红|哪一種植物]]'''因花朵先於葉片開放，開放時滿山遍佈紫紅色的花朵，而得名滿山紅？
* '''[[行为遗传学|遺傳學的哪個分支]]'''以探討[[基因]]在動物行為中扮演的角色為範疇？
* '''[[渭南北站|哪座车站]]'''是[[渭南]]市区唯一的高铁车站？
* '''[[法特赫-阿里沙·卡扎爾|誰]]'''是[[孔雀寶座]]的創立者？
* '''[[李致和|哪一位剛退役的香港運動員]]'''有「香港首席[[三项全能|鐵人]]」之稱號？
* [[固态硬盘]]属于'''[[固态电子器件|哪一种电子器件]]'''？
* '''[[南美洲地理|哪個洲的地理]]'''是以巴拿馬和哥倫比亞國界作為唯一與[[北美洲]]分開的陸地洲界？
* '''[[墨西哥蝮|哪一種有毒蝮蛇]]'''在[[尼加拉瓜]]曾被視為最危險的[[蛇]]種？
* 地球上存在'''[[猪笼草属物种列表|哪些猪笼草]]'''？
* [[日本電影]][[南極物語]]是根據'''[[太郎與次郎|哪兩隻狗]]'''的真實故事改編？
* '''[[城捷航空|哪家愛爾蘭航空公司]]'''營運[[倫敦城市機場]]至[[巴黎－奧利機場]]的航線？
* 中國近代'''[[廖平|哪位經學大師]]'''的學術思想曾經六度轉變？
* '''[[紫蜡蘑|哪種紫色的蕈類]]'''因容易褪色導致難以辨認，而獲得「欺詐者」的稱號？
* '''[[卡姆朗·米爾扎·納伊卜·薩爾坦納|哪位伊朗總理]]'''的女兒下嫁給[[卡扎爾王朝]]沙阿[[穆罕默德·阿里·沙]]？
* '''[[庞煖|哪位赵国将领]]'''曾擒杀燕将[[剧辛]]以及[[合纵]]五国伐秦？
* [[双极型晶体管]]三种基本接法中的'''[[共集极|哪一种]]'''电流增益很大且电压增益近似为1？
* '''[[穆罕默德·瓦利汗·托內卡博尼|哪位伊朗總理]]'''向沙俄政府稱「為了[[伊朗]]的自由和獨立，我會犧牲我的性命和財產，甚至是我的孩子」？
* '''[[墮胎 (電影)|哪部]]'''1996年由[[HBO]]所製作的[[電視電影]]探討[[墮胎]]議題？
* 在[[六七暴動]]期間，哪位'''[[祁濟時|香港政府官員]]'''暫代[[戴麟趾|戴麟趾爵士]]署任[[香港總督]]一職？
* '''[[兹德涅克·米莱尔|哪位捷克艺术家]]'''被称为“[[鼹鼠的故事|小鼹鼠]]之父”？
* [[托福]]、[[GRE (考试)|GRE]]以及[[SAT]]由'''[[美国教育考试服务中心|什么组织]]'''承办？
* '''[[G1001次列车|哪趟列车]]'''是[[中国铁路]]开行的首趟[[中华人民共和国铁路客运#G（高速动车组列车）|高速动车组列车]]？
* 在[[2011年香港區議會選舉]]，[[街坊工友服務處]]唯一無法勝出的是'''[[晴景|哪一個區議會選區]]'''？
* '''[[航空母舰|哪種軍艦]]'''以操作[[飛機]]為名，是現代[[海戰]]中的主力？
* '''[[巴夏禮|哪个]]'''英国外交官在[[第二次鸦片战争]]遭短暂囚禁？
* '''[[关于多相物质平衡|哪篇吉布斯的论文]]'''标志着[[化学热力学]]的开端？
* [[随机存取存储器]]（RAM）、[[只读存储器]]（ROM）芯片控制引脚的[[高阻态]]利用了'''[[三态逻辑|什么原理]]'''？
* '''[[1989年伊朗憲法公民投票|哪次公民投票]]'''令[[伊朗總理]]一職被廢除？
* '''[[Z19/20次列车|哪趟列车]]'''是[[中国西部]]地区的首趟[[直达特快列车]]？
* 在中国危害较大的[[入侵物种]]有'''[[中国外来入侵物种名单|哪些]]'''？
* 在[[2011年香港區議會選舉]]，[[新民黨]]於'''[[頌栢|哪一個元朗區議會選區]]'''勝出？
* 用作[[狩獵]]的'''[[狩獵陷阱|陷阱稱為]]'''？
* 在[[十六世紀]]曾經被[[鄂圖曼帝國]]方面監禁過，後來帶領[[威尼斯共和國|威尼斯]]贏得[[康布雷同盟戰爭]]的是'''[[安德烈·古利提|哪一任總督]]'''？
* '''[[威爾斯航空|哪家航空公司]]'''的機尾標誌是[[紅龍 (威爾斯)|威爾斯紅龍]]？
* '''[[Z1/2次列车|哪趟列车]]'''使用了[[中国]][[直达特快列车]]中最靠前的车次？
* 在國際象棋上，二位置間的'''[[切比雪夫距离|哪一種距離]]'''可以用王從一個位置走到另一位置需要的步數來表示？
* 香港'''[[天恒 (選區)|哪一個區議會選區]]'''包含[[天恒邨]]？
* [[异环磷酰胺|'''哪种化疗药物''']]能够治疗一系列的[[癌症]]，但却会导致脑病？
* '''[[伊朗總理列表|哪些人]]'''曾出任[[伊朗總理]]？
* '''[[金头公园|哪一座公园]]'''是法国最大的城市公园？
* 生物体内'''[[氨甲酰磷酸合成酶|什么酶]]'''合成[[氨甲酰磷酸]]（图），后者被用于合成[[嘧啶]]或是[[尿素循环]]？
* '''[[K407/408次列车|哪趟列车]]'''是[[中国铁路]]史上首对跨海旅客列车？</str>
    <str name="title">Wikipedia:新条目推荐/存档/2011年12月</str>
    <str name="titleText">Wikipedia:新条目推荐/存档/2011年12月</str>
    <str name="user">Cdip150</str>
    <int name="userId">114155</int>
    <int name="revision">27060559</int>
    <date name="timestamp">2013-06-27T16:52:10Z</date>
    <long name="_version_">1484749083554873345</long></doc>
  <doc>
    <str name="id">3636907</str>
    <str name="text">* 中国古代的算书如《九章算术》里面提到的“阳马”、“鱉臑”属于哪一类'''[[棱锥|几何形体]]'''？
* '''[[QWOP|哪個電子遊戲]]'''令遊戲創作者的網站「Foddy.net」的瀏覽次數急升至3000萬人次？
* 火星学会创立者罗伯特·祖布林的计划'''[[火星殖民|以什么为目标]]'''？
* '''[[自动酿酒综合征|什么疾病]]'''会导致人即使不饮酒也会醉酒？
* 欧洲的'''[[歌德号列车|哪班国际列车]]'''以大文豪[[约翰·沃尔夫冈·冯·歌德]]命名？
* '''[[临沂保卫战|1938年的哪场战事中]]'''，国军抗日战争阵亡将领[[张自忠]]曾两次率部击退了日军[[板垣师团]]的进攻？
* 截至2012年，'''[[馬索拉·莎索羅維辛|哪名記者]]'''是伊朗記者協會的副會長，並且於2000年獲頒[[國際新聞自由獎]]？
* 明末畫家[[陳洪綬]]為了一家二十口生計，替'''[[博古葉子|哪種中國牌類遊戲]]'''畫插畫？</str>
    <str name="title">Wikipedia:新条目推荐/供稿/2013年9月26日</str>
    <str name="titleText">Wikipedia:新条目推荐/供稿/2013年9月26日</str>
    <str name="user">Liangent-bot</str>
    <int name="userId">504154</int>
    <int name="revision">28729680</int>
    <date name="timestamp">2013-09-26T15:00:28Z</date>
    <long name="_version_">1484749412232069120</long></doc>
  <doc>
    <str name="id">3985539</str>
    <str name="text">* 地球化學家以'''[[铀铅测年法|哪種定年方式]]'''為基礎首次測定[[地球的年齡]]精確值？
* '''[[大都會 (2001年電影)|哪一部動畫電影]]'''改編自日本漫畫家[[手塚治虫]]的1949年漫畫《大都會》？
* '''[[正櫻蝦|哪一種蝦]]'''在台灣被列為「[[東港鎮 (台灣)|東港]]三寶」之一？
* 以色列'''[[諾亞方舟行動|哪次行動]]'''偷走了停放在法國的五艘快艇？
* [[鶇屬]]的'''[[旅鶇|哪種候鳥]]'''可能是數量僅次於紅翅黑鸝的北美洲陸禽？
* [[史蒂芬·金]]的'''[[末日逼近|哪一本小說]]'''最先在1978年出版，後來又在1990年推出新修訂版？
* 哪种使用长杆[[毛笔]]、以水为[[墨汁|墨]]、以地为[[宣纸|纸]]的'''[[地书|中国书法形式]]'''流行于[[中国大陆|大陆]]各地？
* [[瑞士联邦铁路]]曾使用'''[[瑞士联邦铁路RAe TEE II型电力动车组|哪款电力动车组]]'''担当[[全欧快车]]服务？</str>
    <str name="title">Wikipedia:新条目推荐/供稿/2014年5月25日</str>
    <str name="titleText">Wikipedia:新条目推荐/供稿/2014年5月25日</str>
    <str name="user">Liangent-bot</str>
    <int name="userId">504154</int>
    <int name="revision">31396868</int>
    <date name="timestamp">2014-05-25T15:40:24Z</date>
    <long name="_version_">1484749483198644225</long></doc>
  <doc>
    <str name="id">3780131</str>
    <str name="text">* '''[[流行文化|哪一種文化]]'''是指在現代社會中流行，由大眾與傳媒間互動所產生的現象？
* [[2012年电影|2012年]]上映的'''[[普罗米修斯 (电影)|哪一部电影]]'''是《[[异形 (电影)|异形]]》的[[前传]]？
* '''[[歐瑞康35毫米雙管防空炮|哪門防空機炮]]'''於[[马岛战争|福克蘭戰爭]]中被[[阿根廷军事|阿根廷軍隊]]所廣泛使用？
* '''[[德国联邦铁路151型电力机车|哪款机车]]'''是[[德国联邦铁路150型电力机车]]的继任车型？
* '''[[颶風艾格卡|哪一場颶風]]'''是太平洋颶風季有記錄以來最早形成的熱帶氣旋？
* '''[[清水地熱發電廠|哪一座電廠]]'''是臺灣第一座利用地熱能發電的地熱發電廠？
* [[卵巢颗粒细胞瘤]]、[[支持细胞瘤]]、[[泡膜细胞瘤]]、[[支持间质细胞瘤]]隶属于'''[[性腺间质肿瘤|哪一类肿瘤]]'''？</str>
    <str name="title">Wikipedia:新条目推荐/供稿/2014年1月1日</str>
    <str name="titleText">Wikipedia:新条目推荐/供稿/2014年1月1日</str>
    <str name="user">Liangent-bot</str>
    <int name="userId">504154</int>
    <int name="revision">29702966</int>
    <date name="timestamp">2014-01-01T15:00:24Z</date>
    <long name="_version_">1484749439918669824</long></doc>
  <doc>
    <str name="id">1682300</str>
    <str name="text">* 位于[[河北省]]境内的'''[[张家口机场|哪一座机场]]'''计划于2011年年末竣工投入商业运营？
* '''[[羅伯特·詹金遜，第二代利物浦伯爵|哪位英國政治家]]'''是[[聯合王國]]自1801年成立以來，在任時間最長的[[英國首相|首相]]？
* [[联谊大厦|'''哪一幢大楼''']]是中国首幢[[玻璃幕墙]]结构建筑?
* '''[[沒有軍隊的國家列表|哪些国家没有军队？]]'''
* [[上海粗炒|'''哪一款香港麵食''']]以上海为名却并非来自上海？
* [[何韻詩]]主演的'''[[賈寶玉 (舞台劇)|哪一齣舞台劇]]'''改編自[[四大名著]]《[[紅樓夢]]》？
* 可能具备治疗[[HIV]]等[[逆转录病毒]][[感染]][[疾病]]能力的[[抗体]]属于'''[[中和抗体|哪一种抗体]]'''？
* '''[[英伊石油公司|哪家公司]]'''的國有化爭議導致[[伊朗]]總理[[穆罕默德·摩薩台|摩薩台]]被推翻？
* [[王掞|'''哪名大清文渊阁大学士''']]是明首輔王錫爵的曾孫？
* [[近衛前久|'''哪名日本公卿''']]的姐姐是[[足利義輝]]的正室？
* [[欧洲国家列表|'''歐洲都有哪些國家''']]？
* [[甯恩承|'''谁''']]曾任[[東北大學]]秘書長兼代理校長、1980年代大力推動東北大學在沈陽復校？
* '''[[葡萄牙足球超级联赛2010–2011赛季|葡萄牙足球超級聯賽2010–2011賽季]]'''的過程是怎樣的？
* [[李素芝|'''哪一位高原病学家''']]，有「少将医生」、「门巴将军」之称？
* [[长叶猪笼草]]曾被认为是'''[[苏门答腊猪笼草|哪种猪笼草]]'''的[[同物异名]]？
* '''[[安提基特拉机械|哪個青銅製機器]]'''被認為是世界第一個[[類比計算機]]？
* '''[[天津利华大楼|天津哪座建筑]]'''曾为美国驻天津领事馆办公所在地？
* 中国大陆'''[[中国微博|哪种网络-{zh-hans:通信;zh-hant:通訊;}-形式]]'''拥有上亿-{zh-hans:用户;zh-hant:使用者;}-，2011年上半年-{zh-hans:用户;zh-hant:使用者;}-数翻倍？
* '''[[T201/204次列车|哪趟列车]]'''是[[海南岛]]的首个[[中国铁路列车车次#T（特快）|特快旅客列车]]车次？
* 情景喜剧《好汉两个半》的第三季都有'''[[好汉两个半 (第三季)|哪些剧集]]'''？
* 《[[星际旅行|-{zh-cn:星际旅行; zh-tw:星艦奇航記; zh-hk:星空奇遇記}-]]》和《[[星球大战|-{zh-cn:星球大战; zh-tw:星際大戰; zh-hk:星際大戰}-]]》都有'''[[星际旅行与星球大战的比较|哪些相同点和不同点]]'''？
* 1964年在[[胡志明市|西贡]]布林克斯酒店发生的'''[[1964年布林克斯酒店爆炸事件|哪宗爆炸事件]]'''造成两名美国军人死亡？
* 建筑师[[勒·柯布西耶]]最早在'''[[300万人口的现代城市|哪个城市规划方案]]'''中提出建设24座60层的[[摩天大楼]]？
* '''[[俄羅斯聯邦委員會|哪個立法機關]]'''是[[俄羅斯]]的[[上議院]]？
* 对于核武器的争论'''[[关于核武器的争论|都有哪些]]'''？
* '''[[窄叶猪笼草|哪种猪笼草]]'''与[[假猪笼草]]之间存在诸多争议？
* '''[[香港公開羽毛球錦標賽|哪一項香港舉辦的羽毛球賽事]]'''由2011年起改以[[香港體育館]]作為主賽場？
* '''[[伪狂犬病|哪種病]]'''被認為是對經濟影響最大的豬病毒病？
* [[東漢]]末年'''[[王異|哪位女性]]'''曾協助丈夫於冀城驅逐[[馬超]]？
* '''[[艾哈邁德沙·卡扎爾|誰]]'''是[[伊朗]][[卡扎爾王朝]]最後一位統治者？
* '''[[吴起|哪位战国人物]]'''在军事内政上都有卓越成就，著有《[[吴子兵法]]》一书，与[[孙武]]并称为“孙吴”？
* [[阿嘉莎·克莉絲蒂]]所創作的'''[[東方快車謀殺案|哪一部作品]]'''是以[[東方快車]]為故事背景？
* [[辛布亚岛猪笼草|'''哪种猪笼草''']]是[[菲律宾]][[辛布亚岛]][[特有种|特有的]]热带[[食虫植物]]？
* [[肝醣儲積症|'''哪一項疾病''']]是[[肝醣]]的[[代謝疾病]]？
* [[康樂棋 (體育運動)|'''哪一项类似于-{zh-hans:台球; zh-tw:撞球; zh-hk:桌球;}-的运动''']]兴盛于1950年代的中国？
* '''[[东风4型柴油机车|哪种铁路机车]]'''是中国铁路第一种交—直流电传动[[柴油机车]]？
* '''[[PaK 36反坦克炮|哪一款反坦克炮]]'''於1942年前為德軍最主要的反坦克武器？
* [[萊昂哈德·歐拉]]提出的'''[[歐拉運動定律|甚麼定律]]'''可以描述[[剛體運動]]？
* '''[[星际迷航：遗产|哪款宇宙模拟类游戏]]'''囊括了《[[星际旅行|-{zh-cn:星际旅行; zh-tw:星艦奇航記; zh-hk:星空奇遇記}-]]》三个时代和五大系列的设定？
* 中國羽毛球手[[谌龙]]在'''[[2011年丹麥羽毛球首要超級賽|哪一項賽事]]'''再次擊敗[[李宗偉]]，取得超級賽三連冠？
* '''[[文远楼|上海哪座建筑]]'''被认为是中国第一座[[现代主义建筑]]？
* 一种协助企业成长，降低初创企业风险与成本，以企业创业成功为目的[[企业孵化器|'''新型经济组织称作什么''']]？
* [[武黄城际铁路|'''哪條興建中的鐵路''']]连接武汉市和黄石、黄冈兩市，是[[武漢城市圈城際鐵路]]的一部分？
* '''[[百福大楼|天津哪座建筑]]'''位于[[解放北路 (天津)|解放北路]]1号？
* [[幸福車站 (日本)|'''哪個北海道鐵路車站''']]已在1987年停用，但因其名字吉祥而成為景點？
* [[覃振|'''誰人''']]与宋教仁、胡瑛结拜，后世称之为“桃源三杰”？
* [[中国]]近现代首座[[消防]]瞭望塔位于'''[[虹口救火会|上海哪个消防站]]'''？
* 印度都有'''[[印度旗帜列表|哪些旗帜]]'''？
* ''' [[乙二醇二甲醚|哪種物質]]'''可溶解[[硝化纖維]]，俗稱二甲基溶纖劑?
* '''[[渤海大楼|哪座建筑]]'''在[[1936年]]建成时为天津市最高建筑？
* 马来西亚都有'''[[马来西亚旗帜列表|哪些旗帜]]'''？
* '''[[郭辉 (1978年出生)|哪位球员]]'''是[[中华人民共和国|中国]]足坛第一个拿到国内三个级别联赛冠军的人?
* 美国情景喜剧《[[好汉两个半]]》的第二季都有'''[[好汉两个半 (第二季)|哪些剧集]]'''？
* [[风行牛奶|'''哪家公司''']]是广州本土历史最悠久的乳业公司？
* '''[[新加坡国旗|哪面旗帜]]'''是新加坡的国旗？
* [[格兰特·麦坎|'''哪名北愛爾蘭國腳''']]現時是英冠球隊彼德堡的隊長？
* '''[[聖馬可大教堂|哪一座教堂]]'''位於[[威尼斯]][[聖馬可廣場]]東側？
* '''[[中原经济区|哪个经济区]]'''是因其核心地域是地理上的[[中原]]而得名？
* '''[[胡桃夹综合征|哪一种症候群]]'''是由于左肾静脉受腹主动脉和肠系膜上动脉的压迫引起的？
* '''[[台灣運動彩券]]'''為何一直賣不好？
* 現居[[美國]]的[[禮薩·巴列維]]是'''[[巴列維王朝|哪個王朝]]'''的後裔？
* '''[[全能國際航空|哪家航空公司]]'''成立時命名為全能運輸航空？
* [[奧芬劇院|'''哪座溫哥華劇院''']]於1979年被列為加拿大國家史蹟？
* [[广州市]][[今日最新闻|'''哪个电视新闻节目''']]的主持人彭彭因不满当局在本台记者被打事件上解释而在直播时扔通稿？
* [[星火计划|'''哪项科技计划''']]是[[中华人民共和国]]实施的第一个依靠[[科学技术]]促进[[农村经济学|农村经济发展]]的计划？
* '''[[最高指导原则|哪条指导原则]]'''在《[[星际旅行|-{zh-cn:星际旅行; zh-tw:星艦奇航記; zh-hk:星空奇遇記}-]]》虚拟宇宙中被星际舰队视为最重要的指导原则？
* '''[[安乐邨|天津哪处里巷]]'''曾原名“新武官胡同”？
* [[何梁何利基金|'''哪一项中华人民共和国的科技奖励''']]是由四位[[香港]]金融实业家捐资发起的？
* [[艾薩克·牛頓]]提出的'''[[牛顿运动定律|甚麼定律]]'''是[[經典力學]]的基礎？
* '''[[韶山1型电力机车|哪种铁路机车]]'''是中国第一代干线[[电力机车]]？
* 因业主[[浙江第一银行|浙江第一商业银行]]不满原设计，而在[[1948年]]请著名建筑师[[陈植]]重新设计建造的是'''[[浙一大楼|上海哪幢大楼]]'''？
* [[半乳糖血症|'''哪種疾病''']]是半乳糖的[[代謝疾病]]？
* [[索德柏立盆地|'''哪個位於加拿大的撞擊坑''']]是目前已確定的第二大地球撞擊坑？
* 《斗室中的天下》的作者'''[[资中筠|是谁]]'''？
* [[火炬计划|'''哪项科技计划''']]是[[中华人民共和国]]发展[[高技术产业|高新技术产业]]的指导性计划？
* [[寶拉·福克斯|'''哪位美國兒童文學作家''']]在1978年獲得國際安徒生文學獎？
* [[Niconico]]及[[Bilibili]]属于'''[[视频弹幕网站|哪一类视频网站]]'''？
* '''[[南市 (天津)|哪片区域]]'''历史上在天津被称为“三不管”？
* 男性將自己的[[精液]]射在[[性夥伴]]臉上這一[[非插入式性行為|性行為]]'''[[顏射|稱作甚麼]]'''？
* [[盘古银行]]上海分行设置在[[外滩]]'''[[大北电报公司大楼|哪座大楼]]'''内？
* '''[[伊朗臨時政府 (1979年)|哪個政府]]'''是[[伊朗]]在經歷[[伊朗伊斯蘭革命|伊斯蘭革命]]後成立的第一個政府？
* '''[[阿斯米尔·贝戈维奇|哪名足球运动员]]'''在2009年7月宣称将为[[加拿大国家足球队|加拿大国家队]]出战，但不到两个月后就接受[[波斯尼亚和黑塞哥维那国家足球队|波黑国家队]]的征召？
* 中国近代著名民族资本家[[荣德生]]曾在上海'''[[高安路 (上海)|哪条路上被人绑架]]'''？
* '''[[朱朴|谁]]'''因向[[唐昭宗]]保证只要一个多月就能使天下太平而被拜为[[宰相]]，却未能兑现承诺？
* '''[[王侯豬籠草|哪种猪笼草]]'''的捕虫笼是[[猪笼草属]]中体型最大的？
* 电视剧《[[嗜血法医|-{zh-cn:嗜血法医; zh-tw:梦魇杀魔; zh-hk:嗜血判官}-]]》的第四季都有'''[[嗜血法医 (第四季)|哪些剧集]]'''？
* '''[[2011年意大利足球醜聞|2011年意大利足球醜聞]]'''是怎樣的？
* [[中国]]第一座西式剧场是'''[[兰心大戏院|上海哪座剧场]]'''？
* '''[[杜虹花|哪一種原產台灣]]'''的紫珠屬植物又名毛將軍？
* 奇多圈源自'''[[奇多|哪一款休闲食品]]'''？
* [[卡里姆汗]]是[[伊朗]]'''[[桑德王朝|哪個王朝]]'''的創立者？
* '''[[地球儀博物館|哪個博物館]]'''是世界唯一收藏[[地球儀]]和相關儀器的博物館？
* [[後宇多天皇]]退位後由'''[[伏見天皇|哪一位天皇]]'''繼任？
* 电影《[[建国大业]]》中，[[蒋中正]]和[[毛泽东]]的一同出现的场景是摄制于'''[[法国学堂|上海哪座建筑物]]'''内？
* [[钱币]]上所印制的[[数字]]被称为'''[[面额|什么]]'''？
* '''[[PSR B1257+12 A|哪顆行星]]'''是目前已知質量最低的行星？
* '''[[布伦特·斯派尔|哪位美国演员]]'''在《[[星际旅行：下一代|-{zh-cn:星际旅行; zh-tw:星艦奇航記：銀河飛龍; zh-hk:星空奇遇記：銀河飛龍}-]]》中扮演[[生化人]][[Data]]？
* '''[[朴琳达|哪位韩裔美国演员]]'''在《[[星际旅行：进取号|-{zh-cn:星际旅行：进取号; zh-tw:星艦前傳; zh-hk:星艦前傳}-]]》中扮演日裔[[星舰]]通讯官佐藤星？
* '''[[丹妮丝·理查兹|哪位美国女明星]]'''是[[查理·辛]]的前任妻子，并在情景喜剧《[[好汉两个半|-{zh-cn:好汉两个半; zh-hk:宅男 1 pair 半; zh-tw:男人兩個半}-]]》中扮演他的前女友莉莎？
* '''[[俄羅斯聯邦共產黨|哪個政黨]]'''在[[蘇聯解體]]後繼成了蘇聯共產黨？
* '''[[启新洋灰公司大楼|哪座建筑]]'''为启新洋灰股份有限公司在天津的总理处大楼？
* 电视剧《[[嗜血法医|-{zh-cn:嗜血法医; zh-tw:梦魇杀魔; zh-hk:嗜血判官}-]]》的第五季都有'''[[嗜血法医 (第五季)|哪些剧集]]'''？
* '''[[毕宿一|哪颗恒星]]'''是[[毕宿星团]]中唯一已知拥有[[太阳系外行星|行星]]的天体？
* [[上海]][[新华书店]]总店位于'''[[卜内门大楼|哪幢大楼]]'''内？
* 谁是[[中国国家足球队]]'''[[何塞·安东尼奥·卡马乔|现任-{zh-hans:主教练;zh-hk:領隊;zh-tw:主教練;}-]]'''？
* '''[[康平路 (上海)|哪一条路被誉为]]'''上海实际的政治权力中心？
* [[伊朗]]'''[[漢達基王朝|哪個王朝]]'''在1738年被[[阿夫沙爾王朝]]消滅？
* '''[[泛斯堪的納維亞主義|哪一种政治理论]]'''致力于建立统一的[[北欧]][[政治实体]]？
* '''[[广东实验中学美国分校|哪所学校]]'''曾被认为是美国第一所由中国人建立的海外实体中学，后来却被怀疑是一起骗局？
* 知名度最高的'''[[阳澄湖大闸蟹|大闸蟹品种是什么]]'''？
* '''[[塔德乌什·雷伊坦|哪一位波兰贵族]]'''曾用身体阻挡[[第一次瓜分波兰]]的合法化？
* '''[[碳化铍|哪种铍化合物]]'''可用作耐高温的[[超硬材料]]？
* [[雀巢]]旗下的[[即溶咖啡]]属于'''[[雀巢咖啡|哪一个产品系列]]'''？
* [[上海]]'''[[国泰电影院|哪一間影院]]'''原名國泰大戲院?
* 在[[Oricon公信榜]]，[[AKB48]]憑'''[[AKB滿載 ～THE BEST MUSIC VIDEO～|哪一套音樂影片集]]'''取代倖田來未成為歷來DVD銷量最高的女藝人？
* [[1905年]][[清政府]]派[[载泽]]等5人以'''[[出使各国考察政治大臣|什么身份]]'''出国考察各国政治？
* '''[[蒂加登星|哪颗恒星]]'''是目前已知[[白羊座]]离[[太阳系]]最近的恒星？
* [[上海1930年代|1930年代]]，'''[[上海新亚大酒店|上海哪座酒店]]'''以经营[[饮茶|广式早茶]]而闻名沪上？
* '''[[內布拉星象盤|哪件古青銅器]]'''被認為是最古老的可攜帶觀測太陽運行儀器？
* 第一位獲得[[費爾茲獎]]的物理學家是'''[[爱德华·威滕|誰]]'''？
* [[虎克猪笼草]]由'''[[莱佛士猪笼草|哪种猪笼草]]'''与[[苹果猪笼草]]杂交得到？
* 伊朗'''[[丘拜尼王朝|哪個王朝]]'''在1357年被[[金帳汗國]]所滅？
* 「永保安康」[[吉祥語車票]]屬於'''[[埃德蒙森式鐵路車票|哪種鐵路車票]]'''？
* [[美國海外航空|'''哪家航空公司''']]前身為美國出口航空？
* '''[[Mk44巨蝮二式鏈炮|哪門鏈炮]]'''是M242巨蝮式鏈炮的衍生型，發射30 × 173 毫米北約口徑機炮炮彈？
* [[彰化市公會堂|'''哪一座臺灣的歷史建築''']]曾在1951年到1962年期間作為[[彰化縣]]議會使用？
* 2011年[[美國]]民眾為了反抗大公司的貪婪不公和社會的不平，特別發動了'''[[佔領華爾街|哪次活動]]'''？
* 伊朗'''[[莫扎法爾王朝|哪個王朝]]'''在1393年被[[帖木兒]]所滅？
* [[予土線|'''哪條JR四國鐵道路線''']]有「四萬十綠色路線」之稱？
* '''[[武康大楼|哪座公寓住宅]]'''是[[上海]]第一座外廊式公寓？
* [[苏尔特之战|'''哪場戰事''']]發生於苏尔特，是2011年利比亚内战后期的战役之一？
* '''[[查克·洛尔|何人]]'''是情景喜剧《[[生活大爆炸]]》和《[[好汉两个半]]》的创作者？
* [[武汉地铁7号线|'''哪條武汉地铁線路''']]南起南湖花园，北至东方马城，并计划于2017年投入使用？
* '''[[姚洁|哪一位羽毛球運動員]]'''因被中國羽協禁止她歸國參賽，忿而轉籍荷蘭成為「海外兵團」？
* '''[[東北鐵線蓮|哪一種]]'''主產中國東北的鐵線蓮屬植物與[[威靈仙]]及[[棉團鐵線蓮]]同載錄於《[[中國藥典]]》2005年版，定為[[中藥]]威靈仙的法定原植物來源種之一？
* '''[[五香豆|哪一种上海传统零食]]'''是以蚕豆为食材制作的？
* 誰是非洲国家第一位及至今唯一一位在正常情况下由民選產生的'''[[埃伦·约翰逊-瑟利夫|女性國家元首]]'''？
* '''[[金星4號|哪臺探測器]]'''首次成功調查金星大氣層並傳回科學數據？
* '''[[秦桓公|秦国哪位君主]]'''在位时在[[麻隧之战]]败于[[诸侯]]联军，致使[[秦国]]国力衰弱、数世不振？
* 「守禮之邦」匾額懸掛在'''[[守禮門|哪座琉球牌坊]]'''上？
* [[香港]]立基控股现时拥有[[十字牌牛奶]]和[[广州]][[香满楼牛奶|'''哪一家牛奶公司''']]？
* 在[[二战]]中，[[萤火虫号驱逐舰|'''哪一艘英国皇家海军驱逐舰''']]在撞击[[德国]][[希佩爾海軍上將號重巡洋艦]]后沉没？
* [[天津市]]洛阳道的'''[[洛华里|哪个里巷建筑群]]'''原名为“红房子”？
* '''[[朱家店战斗|哪场战斗]]'''是[[第二次中日战争]]期间中国军队在[[上海]]郊区取得的最大胜利？
* '''[[梨膏糖|哪种江南传统保健食品]]'''是由唐朝名相[[魏徵]]首创后演变而来的？
* '''[[至聖廟|哪座孔廟]]'''被炸毀後遷移到[[那霸市]][[若狹町]]重建？
* '''[[稻嶺惠一|哪位實業家、政治家]]'''曾在1998年至2006年期間擔任[[沖繩縣]][[知事]]一職？
* 中华人民共和国'''[[深圳市|哪座城市]]'''屬於第一批经济特区、有「改革开放试验田」之稱？
* '''[[MOA-2009-BLG-387L|哪一颗红矮星]]'''是系外行星[[MOA-2009-BLG-387Lb]]的母恒星？
* '''[[庆云里|天津哪一处里巷]]'''曾命名为“牛津别墅”？
* [[切什梅号战列舰|'''哪一艘戰艦''']]于[[1912年]]被[[俄罗斯帝国#俄罗斯帝国海军|俄罗斯帝国海军]]作为测试用靶舰而击沉？
* 曾经由[[香港]][[牛奶國際|牛奶公司]]经营的[[广州]]雪糕品牌是[[五羊牌雪糕|'''什么''']]？
* '''[[金星1A號|哪一臺探測器]]'''是歷史上第一臺嘗試飛向[[金星]]的探測器？
* [[法國海軍]]現役的[[弹道导弹潜艇|彈道導彈核潛艇]]是'''[[凱旋級核潛艇|什麼級別]]'''？
* '''[[MOA-2009-BLG-387Lb|哪一颗系外行星]]'''是[[微引力透镜]]方法发现的第11颗[[太阳系外行星|系外行星]]？
* [[喬治·茨威格|'''哪一位物理學家''']]在獨立提出[[夸克]]理論後，轉而研究[[神經生物學]]？
* 科學家[[吳健雄]]是'''[[沃爾夫物理學獎|哪一個科學獎項]]'''的首次得主？
* 流行于[[马来西亚]][[新加坡]]的中式[[盖浇饭]][[中式杂菜饭|'''称作什么''']]？
* '''[[金星1號|哪一臺探測器]]'''是蘇聯第一臺成功飛向[[金星]]的探測器？
* [[辛亥革命]]期间，[[天津]]发生了[[辛亥天津起义|'''哪场起义''']]？
* '''[[PSR J1719-1438 b|哪一颗系外行星]]'''是目前已知密度最高的[[行星]]?
* 由[[AKB48]]和[[IDOLING!!!]]組成的[[AKB IDOLING!!!]]的首張單曲是'''[[啾一個！|哪一張]]'''？
* '''[[威靈仙|哪一種植物]]'''載錄於《[[中國藥典]]》2005年版，定為[[中藥]]威靈仙的法定原植物來源種？
* '''[[灌汤包|哪一种包子]]'''以汤汁丰富充盈著称？
* 俄国作家[[冈察洛夫]]的代表作是'''[[奥勃洛莫夫|哪一部]]'''?
* [[纳粹德国海军|德国海军]][[沙恩霍斯特号战列巡洋舰]]是在[[北角海战|'''哪一场海战''']]中沉没？
* 最近上映的'''[[阿波羅18號 (電影)|哪一套偽紀錄式電影]]'''獲得災難性評價？
* '''[[斑色鱼鳞癣|哪一种疾病]]'''是由[[2号染色体 (人类)|人2号染色体]]编码ABCA12蛋白的基因发生突变所致？
* '''[[棉團鐵線蓮|哪一種鐵線蓮屬植物]]'''與[[威靈仙]]及東北鐵線蓮同載錄於《[[中國藥典]]》2005年版，定為[[中藥]]威靈仙的法定原植物來源種之一？
* 上海[[南翔馒头店]]与[[台湾]][[鼎泰丰]]的'''[[小籠包|招牌点心是什么]]'''？
* '''[[天津天后宫|哪座天后宮]]'''始建於1326年？
* '''[[巴布亚猪笼草|哪种猪笼草]]'''与[[新几内亚猪笼草]]之间存在着密切的近缘关系？
* [[AKB48]]通過'''[[AKB48第24張單曲選拔猜拳大會|什麼形式]]'''來決定第24張單曲的參與成員？
* '''[[鎓化合物|哪类离子]]'''是[[非金属]][[氢化物]]被[[质子化]]的产物？
* '''[[沈金康|哪一位單車教練]]'''為「亞洲車神」[[黃金寶]]的主教練？
* [[米饭]]包裹[[油条]]的江南传统小吃'''[[粢饭团|被称作什么]]'''？
* '''[[南极望远镜|哪个射电望远镜]]'''位于南极点的[[阿蒙森-史考特南极站]]？
* '''[[塞巴斯蒂安·罗西|哪位球员]]'''是[[意大利足球甲级联赛|-{zh-hans:意大利足球甲级联赛;zh-hk:意大利甲組足球聯賽;zh-tw:義大利甲組足球聯賽;}-]]中门将最长不失球纪录的保持者？
* '''[[蘇格蘭航空|哪家航空公司]]'''在希臘註冊，但基地設在蘇格蘭？
* 美国情景喜剧《[[生活大爆炸|-{zh-cn:生活大爆炸; zh-tw:宅男行不行; zh-hk:囧男大爆炸}-]]》第四季都有'''[[生活大爆炸剧集列表 (第四季)|哪些剧集]]'''？
* [[秘鲁]]目前使用[[秘魯新索爾|'''何种货币''']]？
* 广州[[带水佬|'''哪个行业的从业人员''']]学业水平不高但几乎人人懂英语？
* 亞洲[[染黑齒|'''哪種風俗習慣''']]是將牙齒染成黑色？
* 诺福克岛居民使用[[諾福克語|'''哪種當地語言''']]？
* '''[[戈爾什科夫海軍上將號航空母艦|哪艘蘇聯航空母艦]]'''被售至[[印度海軍]]進行改裝？
* 由鸡鸭血、鸡内脏、鸡汤熬制的'''[[鸡鸭血汤|汤类小吃叫什么]]'''？
* '''[[麥特·摩爾|哪位先发投手]]'''在2011年被美国棒球杂志评为光芒农场里面第二好的球员？
* '''[[辛亥革命 (电视剧)|2011年上映的哪部电视剧]]'''反映了中国20世纪初历史性事件辛亥革命？
* 藏传佛教萨迦派五祖[[八思巴]]借助于元朝的政府机制在全西藏建立起[[薩迦巴|'''哪個政教合一的政权''']]？
* '''[[光陆大楼|哪座大楼]]'''是[[上海]]第一座将戏院放在大楼内的建筑？
* '''[[伊格纳齐·达申斯基|哪位波兰下议院发言人]]'''在1929年10月31日与[[约瑟夫·毕苏斯基]]叫板？
* [[澳門永亨銀行大廈大火|'''哪宗發生在新馬路的火災''']]是澳門史上第七多人死亡的火災？
* [[宮本顯治|'''哪位日本政治家''']]自1958年開始擔任[[日本共產黨]]書記長達40餘年之久？
* [[國際暗天協會|'''哪個協會''']]於1988年在美國成立，其宗旨是保護和保存夜空？
* '''[[河南路 (天津)|哪条道路]]'''曾分别为[[天津法租界]]的“一坡城路”和[[天津日租界]]的“春日街”？
* 軍隊撤退後，會設置'''[[詭雷|哪一種陷阱]]'''來誘殺步兵？
* '''[[墨西哥毒品戰爭|哪场战争]]'''发生于墨西哥贩毒集团之间以及它们与墨西哥政府之间？
* '''[[五唑|哪种化合物]]'''可看作[[环戊二烯]]中[[碳]]全部被[[氮]]取代的产物？
* [[宁波]]城市最早发源于'''[[三江口 (宁波)|哪个地区]]'''？
* 美国情景喜剧《[[生活大爆炸|-{zh-cn:生活大爆炸; zh-tw:宅男行不行; zh-hk:囧男大爆炸}-]]》第三季都有'''[[生活大爆炸剧集列表 (第三季)|哪些剧集]]'''？
* '''[[沈阳道 (天津)|哪条道路]]'''原为[[天津日租界]]的蓬莱街？
* '''[[德国铁路一等车站列表|哪些车站]]'''在[[德国铁路车站分级]]位于最高级？
* 一种流行于中国[[江南]]地区的用糯米和梗米煎炸而成的糕点'''[[粢饭糕|叫什么]]'''？
* 唐朝大诗人[[王维]]的'''[[王缙|哪一个弟弟]]'''官至[[宰相]]？
* [[Google公司]]曾经收购'''[[Google公司收購列表|哪些企业或团队]]'''？
* 日本[[奧姆真理教]]於1995年在[[東京]]發動'''[[東京地鐵沙林毒氣事件|哪一次恐怖攻擊]]'''？
* '''[[Salen配体|哪种配体]]'''可由[[水杨醛]]与[[乙二胺]][[缩合反应|缩合]]制得？
* [[AKB48]]的首套音樂影片集是'''[[逃走的魚兒們～單曲音樂影片集～|哪一套]]'''？
* 形似老虎爪子的中国传统面食[[老虎脚爪|'''叫什么''']]？
* [[克卜勒猜想|'''哪一數學猜想''']]是關於三維[[歐幾里德空間]]的最佳裝球方式？
* '''[[防空氣球|哪一款氣球]]'''於第二次大戰期間由英國大量使用，以對抗德軍的[[俯衝轟炸機]]和[[V-1飛彈]]？
* '''[[義德|哪一位香港保險業商人]]'''曾在[[1920年代]]主持[[九龍塘]][[花園城市]]的發展計劃？
* '''[[1,5-环辛二烯|哪种烯烃]]'''可与[[乙硼烷]]反应生成[[硼氢化-氧化反应|硼氢化]]试剂[[9-BBN]]？
* '''[[辽宁路 (天津)|天津哪条道路]]'''的法租界段分别命名为“李泽河路”和“梅大夫路”？
* 球场中球迷喊的“噢嘞噢嘞噢嘞噢嘞”是'''[[Olé, Olé, Olé|什么意思]]'''？
* [[蘇聯海軍]]的'''[[奧廖爾級航空母艦|哪一級大型核動力航空母艦]]'''代號為「1153工程」？
* '''[[吴其轺|谁]]'''是[[中国大陆]]最后一个“飞虎队员”？
* [[耶利米書]]的''示沙克城''使用了'''[[阿特巴希密碼|甚麼加密法]]'''？
* 流行于上海、苏州等地的一款'''[[生煎馒头|油煎的馒头是什么]]'''？
* '''[[金龜樹|哪一種植物]]'''於開花時因常吸引大量[[金龜子]]聚集停棲而得名？
* 往来于[[上海]][[黄浦江]]两岸的客运航线是'''[[上海轮渡|什么系统]]'''？
* 哪类重要的'''[[醇的氧化反应|有机化学反应]]'''，涉及了[[羟基]]至[[羰基]]的转化，属于一种[[有机氧化还原反应]]？
* '''[[太陽系探測器列表|哪些探測器]]'''曾經探測過[[太陽系]]？
* '''[[超价分子|哪类不符合8电子规则的分子]]'''仍然没有得到公认的解释？
* 美国情景喜剧《[[生活大爆炸|-{zh-cn:生活大爆炸; zh-tw:宅男行不行; zh-hk:囧男大爆炸}-]]》第二季都有'''[[生活大爆炸剧集列表 (第二季)|哪些剧集]]'''？
* '''[[中途島號航空母艦|哪一艘美國航空母艦]]'''最先將母港設於[[日本]][[橫須賀]]，並曾參與[[越戰]]及[[海灣戰爭]]？
* 外形似蝴蝶的西式点心是'''[[蝴蝶酥|什么]]'''?
* [[醇]]、[[酚]]、[[醚]]等有机化合物中都含有'''[[碳－氧键|哪种化学键]]'''？
* '''[[埃里克·拉梅拉|哪位阿根廷足球运动员]]'''在2011年夏天以1,200万欧元的身价加盟[[意甲]][[罗马足球俱乐部|罗马俱乐部]]？
* 从[[上海]][[外白渡桥]]沿'''[[吴淞江|哪条河流]]'''往上可以直抵[[苏州]]葑门外的[[宝带桥]]？
* '''[[2011年4月宫城地震|哪一起地震]]'''是[[2011年東北地方太平洋近海地震|311大地震]]後第二起芮氏規模7.0以上的餘震？
* '''[[觀測氣球|哪一種氣球]]'''用於查探軍事情報或搭載砲兵觀察員？
* '''[[诺斯猪笼草|哪种猪笼草]]'''在19世纪后半叶它被当作[[沙捞越]][[特有种|特有]]植物的一个代表？
* '''[[三羰基环丁二烯合铁|哪种配合物]]'''氧化可以制得[[环丁二烯]]？
* [[英國皇家徽章]]中盾牌下的捲軸寫有'''[[我權天授|甚麼格言]]'''？
* '''[[丁炔二酸二甲酯|哪种酯]]'''简称DMAD，可由丁炔二酸与[[甲醇]]发生[[酯化反应]]制得？
* '''[[情歌一首首|哪一張專輯]]'''是[[香港|港]][[台灣|台]][[歌手]][[邰正宵]]自1996年以來相隔15年的第三張粵語專輯？
* [[天津中山公园]]的前身是'''[[勸業會場|哪里]]'''？
* [[安督奈伊領主|'''哪個虛構人物''']]是托爾金的奇幻小說世界[[中土大陸]]裡努曼諾爾帝國的地方領主？</str>
    <str name="title">Wikipedia:新条目推荐/存档/2011年10月</str>
    <str name="titleText">Wikipedia:新条目推荐/存档/2011年10月</str>
    <str name="user">Liangent-bot</str>
    <int name="userId">504154</int>
    <int name="revision">27051035</int>
    <date name="timestamp">2013-06-27T10:04:58Z</date>
    <long name="_version_">1484749069505003521</long></doc>
  <doc>
    <str name="id">3971569</str>
    <str name="text">* [[中华人民共和国|中国]][[国家宗教事务局]]在2007年通过了'''[[国家宗教事务局令第5号|哪一项法令]]'''，要求所有[[藏传佛教]][[祖古|活佛]]得到政府批准后方能转世？
* '''[[BABYMETAL|哪個少女重金屬音樂團體]]'''以其出道作的一段[[YouTube]]影片一舉成名？
* '''[[K132/133、K134/131次列车|哪趟列车]]'''是[[兰州铁路局]]开行里程最长的客运列车？
* [[英语维基百科]]编者之间发生争论时，'''[[仲裁委员会 (英语维基百科)|哪个机构]]'''是解决争论的[[最高法院|最終審判庭]]？
* '''[[AdS/CMT对偶|哪种方法]]'''通过[[AdS/CFT对偶]]将[[弦理论]]应用到[[凝聚态物理学]]的理论研究中？
* 舊金山在'''[[海港區 (舊金山)|哪一個街區]]'''舉辦巴拿馬太平洋萬國博覽會，以慶祝在[[1906年舊金山大地震]]災後重生？
* 日本的哪一起'''[[西山事件|国家机密洩漏案件]]'''中揭露了日美有关[[沖繩返還|归还-{}-沖繩]]的密约内幕？
* 中國唐代[[李白]]最敬仰'''[[謝朓|古代哪一位詩人]]'''？</str>
    <str name="title">Wikipedia:新条目推荐/供稿/2014年5月13日</str>
    <str name="titleText">Wikipedia:新条目推荐/供稿/2014年5月13日</str>
    <str name="user">Liangent-bot</str>
    <int name="userId">504154</int>
    <int name="revision">31284099</int>
    <date name="timestamp">2014-05-13T12:00:11Z</date>
    <long name="_version_">1484749481809281029</long></doc>
</result>
</response>
