<?xml version="1.0" encoding="UTF-8"?>
<response>

<lst name="responseHeader">
  <int name="status">0</int>
  <int name="QTime">1</int>
  <lst name="params">
    <str name="q">欧洲的第一所大学是？</str>
    <str name="indent">true</str>
    <str name="wt">xml</str>
  </lst>
</lst>
<result name="response" numFound="984026" start="0">
  <doc>
    <str name="id">574675</str>
    <str name="text">'''欧洲大学联盟'''（[[拉丁语]]：'''Europaeum'''）是由[[欧洲]]十所大学组成的欧洲大学联盟。它是由Lord Weidenfeld和Ronnie Grierson在1990年至1991年间发起的，目的是通过促进包括[[牛津大学]]在内的十所欧洲大学的学术研究来推动欧洲[[高等教育]]的整体进步。以此加强各大学之间的学术交流，以及[[语言]]、[[历史]]、[[文化]]方面的相互学习。
欧洲大学联盟现任的[[秘书长]]是Paul Flather[[博士]]。

== 成员 ==
'''{{CZE}}'''
* [[布拉格查理大学]]

'''{{FIN}}'''
* [[赫尔辛基大学]]

'''{{FRA}}'''
* [[巴黎第一大学]]

'''{{DEU}}'''
* [[波恩大学]]

'''{{ITA}}'''
* [[博洛尼亚大学]]

'''{{NED}}'''
* [[莱顿大学]]

'''{{POL}}'''
* [[雅盖隆大学]]

'''{{ESP}}'''
* [[马德里康普顿斯大学]]

'''{{CHE}}'''
* [[日内瓦高级国际关系及发展学院]]

'''{{GBR}}'''
* [[牛津大学]]

== 外部链接 ==
[http://www.europaeum.org/ Europaeum官方网站]

{{Navbox
|name  = Europaeum
|title = [[Europaeum|欧洲大学联盟]]
|list1 = &lt;div&gt;&lt;!--(reduces gap between wrapped lines)--&gt;
{{nowrap begin}}
[[布拉格查理大学]]{{·w}}
[[赫尔辛基大学]]{{·w}}
[[巴黎第一大学]]{{·w}}
[[波恩大学]]{{·w}}
[[博罗尼亚大学]]{{·w}}
[[莱顿大学]]{{·w}}
[[亚盖沃大学]]{{·w}}
[[马德里康普顿斯大学]]{{·w}}
[[日内瓦高级国际关系及发展学院]]{{·w}}
[[牛津大学]]
{{nowrap end}}
&lt;/div&gt;
}}&lt;noinclude&gt;

[[Category:歐洲大學列表]]
[[Category:歐洲大學聯盟]]</str>
    <str name="title">欧洲大学联盟</str>
    <str name="titleText">欧洲大学联盟</str>
    <str name="user">Fcuk1203</str>
    <int name="userId">504424</int>
    <int name="revision">31586552</int>
    <date name="timestamp">2014-06-13T17:49:51Z</date>
    <long name="_version_">1484748719608823808</long></doc>
  <doc>
    <str name="id">207016</str>
    <str name="text">{{Infobox University
| 校名          = 鹿特丹伊拉斯姆斯大学
| native_name   = Erasmus Universiteit Rotterdam
| 校徽          = [[File:EURbuilding.jpg|center|200px]]
| latin_name   = Academia Erasmiana Roterodamensis
| 校訓         = ‘Erasmus University Rotterdam. Main Port of Knowledge.’
| 創校         = 1913
| 类别          = [[公立大學]] 
| 校長         = [[Professor Dr. Henk G. Schmidt]]
| 所在           = {{NED}}[[鹿特丹]]
| 学生             = 20,941
| 機構成員     = [[Association of MBAs|AMBA]] [[European Quality Improvement System|EQUIS]] [[國際商管學院促進協會|AACSB]]|
| 网站      =[http://www.eur.nl/english Erasmus University]
|}}
'''鹿特丹伊拉斯姆斯大学'''（荷兰语：Erasmus Universiteit Rotterdam，英语：Erasmus University Rotterdam，简称为EUR），稱称'''鹿特丹大学'''，位于[[荷兰]]南部的欧洲第一大港口城市[[鹿特丹]]，是享誉世界的著名公立大学。鹿特丹伊拉斯姆斯大学是由荷兰经济学院和鹿特丹医学院等合并组建而成的高校，也是该国惟一一所以荷兰中世纪著名的人文主义思想家德西德里乌斯·[[伊拉斯谟]]名字命名的大学。伊拉斯姆斯几个世纪以来在学术界一直享有声望，是鹿特丹应该永远记住的一个人。&lt;br /&gt;
鹿特丹大学在世界大学各类排行榜上一直名列前茅。2007年，鹿特丹大学被《金融时报》（Financial Times）评为欧洲前十的顶尖大学。2014年，鹿特丹大学被泰晤士高等教育世界大学综合排名列为欧洲第20位，世界第73位，其中社会科学为世界第47位，临床与健康为世界第37位。&lt;br /&gt;
鹿特丹大学设有鹿特丹管理学院 、伊拉斯姆斯经济学院、伊拉斯姆斯法学院、医学与健康科学学院、社会科学学院、国际社会科学研究所等院所。管理学院、经济学院和医学院在荷兰处于第一的位置。尤其是鹿特丹管理学院是荷兰商学院最高学府，在荷兰被称为欧洲的哈佛，处于绝对第一的位置，位列欧洲研究三强之首，在国际商学院顶级杂志发表论文数量长期欧洲第一。&lt;br /&gt;

== 简介 ==
鹿特丹伊拉斯姆斯大学是一所世界闻名的以应用实践为教育导向的、荷兰最著名的、拥有雄厚教学及科研实力的综合性大学。鹿特丹大学最早成立于1913年，至今已培养了大批优秀的政府领导人、高层管理者和国家高级公务人员，如荷兰前首相Dr. Ruud Lubbers，世贸组织总干事Dr. Supachal Panitchakdi等。该校位于著名的现代贸易港口城市鹿特丹。20世纪早期，工贸行业认为应用型高等教育对迅速发展的港口以及商业活动很有必要，因此在他们的支持下，由私人创办了荷兰商学院。1973年，荷兰经济学院和鹿特丹医学院合并成为鹿特丹伊拉斯姆斯大学。这是荷兰惟一一所以学者名字命名的大学。伊拉斯姆斯几个世纪以来在学术界一直享有声望，是鹿特丹应该永远记住的一个人。&lt;br /&gt;
鹿特丹大学旨在为科学进步和社会发展贡献力量。为了这一宗旨和考虑到当前的社会需求及发展，在恪守学术界的道德规范和国际标准的同时，学校为教师及学生提供了一个自由开展培训及研究的机会。 鹿特丹大学一方面将学生培养成为高素质的学者，另一方面也注重将知识发展和应用相融合的学术教育，并采取跨学科教育的方法，使研究兼顾基础性与应用性。 简而言之，鹿特丹大学是一所充满生气、面向实践、脚踏实地的国际化大学，这可以从该校的学科设置中得以反映。&lt;br /&gt;
鹿特丹大学通过参加“欧洲苏格拉底教育计划”，和欧洲境内外约200所大学签有协议，使国际学生间的交流变得更加普遍。英语类课程数目不断增加，管理学院、法学院、医学设置有英语类硕士专业以及各种暑期班。 该校在教育及研究方面实行国际标准的质量监控。鹿特丹大学的很多专业例如公共管理与商业管理专业已经受到国际知名机构的认可（如美国公共政策分析与管理学会NASPAA、欧洲质量改进体系EQUIS）。鹿特丹管理学院的国际MBA专业非常著名，排名居世界前列。&lt;br /&gt;
鹿特丹大学现有学生21246名，其中，国际学生有5192名。这些国际学生的54%是欧洲学生，29.4%是亚洲学生，其余则是来自美洲、非洲和大洋洲的学生。每年的毕业生有6015名。此外，大学现有教职工2643名。学校针对高中毕业生、大学毕业生、有工作经历的大学毕业生、硕士研究生、三年制大学毕业的学生提供本科、硕士、博士等不同层次水平的教育课程。&lt;br /&gt;
鹿特丹大学有两个校区，分别是Woudestein校区和Erasmus MC校区。这两个校区都距离鹿特丹市中心十分近，且公共交通十分便利。Woudestein校区是鹿特丹大学主要教研设施和科研教育院系的所在地。Erasmus MC校区则主要是鹿特丹大学医学中心的所在地。鹿特丹大学医学中心是荷兰最大和最先进全面的学术医疗中心，且因其独特的设计和其重要性已经成为鹿特丹的一个地标性建筑。&lt;br /&gt;

==历史==
=== 1913年：荷兰商学院 ===
自1973年以来一直以鹿特丹Erasmus大学的形式存在。然而，它的历史，可以追溯到1913年，在这一年中（私立）荷兰商学院（荷兰语Nederlandsche HANDELS-Hoogeschool，简称NHH）成立，并获得鹿特丹商界的广泛支持。
=== 1939年：荷兰经济学院 ===
由于在商业和经济学领域的高等教育获得法定认可，荷兰商学院（NHH）于1939年改名荷兰经济学院 (荷兰语Nederlandse Economische Hogeschool，NEH) 。
随着社会发展日新月异，进入20世纪60年代后，法律学系、社会科学系成立，后来的几十年里，哲学系、历史和艺术系，工商管理学院也相继成立。
=== 1966年：鹿特丹医学院 ===
临床医学高等教育基金会从二十世纪五十年代开始，致力于在鹿特丹建立一个完整的医药教学体系并获得成功。在1966年，政府成立了鹿特丹医学院，坐落在Dijkzigt医院旁边。2003年1月1日，鹿特丹医学院与索菲亚儿童医院和Daniel den Hoed诊所合并，鹿特丹大学附属医院，命名为伊拉斯姆斯医学中心。
=== 1973年鹿特丹Erasmus大学 ===
1973年，鹿特丹医学院和与荷兰经济学院合并成为伊拉斯姆斯大学，也是荷兰第一所以人名命名的高校（德西德里乌斯·伊拉斯谟，16世纪初的欧洲人文思想家，直至今天在荷兰以至整个欧洲亦享有盛誉）。荷兰女王Queen Juliana出席了在De Doelen举行的仪式。
=== 2009年国际社会科学研究所（ISS） ===
在2009年，位于荷兰海牙的国际社会科学研究所（ISS）并入伊拉斯姆斯大学。ISS是一个在国际合作以及发展研究领域全球知名的专科研究所。
[[File:ErasmusMC.JPG|thumb|250px|right|鹿特丹大学医学部]]
[[File:Rotterdam universiteit faculteitsgebouw.jpg|thumb|250px|right|鹿特丹大学Woudestein校区]]

== 世界排名 ==
鹿特丹大学持续在世界大学各类排行榜上名列前茅，比如在上海交通大学的世界大学学术排名和泰晤士高等教育增刊的大学排名上一直都占有优势。2007年，鹿特丹大学被《金融时报》（Financial Times）评为欧洲前十的顶尖大学。该校的工商管理学硕士学习项目持续名列欧洲前十五名内，其管理研究院也一直稳居欧洲研究院前五位。&lt;br /&gt;
鹿特丹大学的鹿特丹管理学院(Rotterdam School of Management，RSM，不同于鹿特丹商学院)享誉世界，是一所研究实力十分雄厚的商学院。RSM在荷兰一直遥遥领先,处于绝对第一的位置，也一直处于欧洲研究三强之列（法国INSEAD,英国LBS,荷兰RSM）。其中在国际顶级期刊（如J. Finance, AER,MS,OR,ASQ,JMR,MIS-Q,AMJ）发表数量上，荷兰RSM一直力压法国INSEAD和英国LBS,处于欧洲第一的地位。 构成经济和管理与法律、文化和历史两个学术分支的院系坐落于鹿特丹东部的Woudestein校区。医学部（Erasmus MC）则位于该市西部的Hoboken校区。 该校的医学部是全荷兰最大和最领先的医学研究中心。鹿特丹大学法学系也是全荷兰最大的法学系之一，设有中国法研究中心。&lt;br /&gt;

==院系设置==
鹿特丹大学主要在三个领域内教学和科研成绩斐然，分别是经济与管理，医学与健康，法律、文化与社会。此外，这三个领域的成绩也得到了国际认可。大学现设有七个院系，分别是：伊拉斯姆斯经济学院、伊拉斯姆斯法学院，社会科学学院，医学与健康科学学院，哲学学院，伊拉斯姆斯历史、文化与传播学院，鹿特丹管理学院。另外，伊拉斯姆斯大学还设有两个研究所，分别是：健康政策与管理研究所，国际社会科学研究所。[http://www.eur.nl/english/]
鹿特丹大学开设有丰富的本科、硕士及博士专业。工商管理/工商信息管理硕士、污染预防研究、国际法、商业贸易法、城市管理、欧洲大城市管理、健康服务研究、医药信息学、遗传流行病学、公共卫生、商务管理、国际商务管理、金融管理、商务研究、竞争法学与经济学、海上经济学与物流、酒店管理、经济学、哲学与经济学、国际公共管理与政策研究、计量经济学和管理科学、经济学与国际商务。
=== 鹿特丹管理学院 ===
鹿特丹大学的鹿特丹管理学院（Rotterdam School of Management）[http://www.rsm.nl/]是荷兰商学院最高学府，在荷兰被称为欧洲的哈佛。依托世界上最大的港口鹿特丹港，它的物流方向是欧洲第一。作为商学院，它长期在Financial Times排名荷兰第一，欧洲前十，全球前25。与欧洲其他商学院不同，鹿特丹管理学院属于鹿特丹大学的组成部分，强调学术研究。虽然它的商学院排名并不是欧洲第一，但是它是欧洲研究排名第一的商学院。根据Financial Times报告，鹿特丹管理学院的研究性课程－博士课程，长期全球第四，仅次于2所美国学校和一所英国学校，处于欧陆第一(见FT官方网站)。根据莱顿大学的“全球商学院学术产出研究报告”，鹿特丹管理学院研究长期处于欧洲前三之列，在国际商学院顶级杂志发表论文数量长期欧洲第一。RSM的研究在荷兰一直遥遥领先，其中在国际顶级期刊发表数量上，荷兰RSM一直力压法国INSEAD和英国LBS，处于欧洲第一的地位。世界上第一位诺贝尔经济学奖得主丁伯根Jan Tinbergen属于鹿特丹管理学院（当时名为The Netherlands School of Economics Rotterdam）。
=== 伊拉斯姆斯法学院 ===
鹿特丹大学的伊拉斯姆斯法学院（Erasmus School of Law）[http://www.esl.eur.nl/home/]是荷兰最大的法学院之一，商法、国际法、法经济学等学科实力雄厚。伊拉斯姆斯法学院与中国的大学和科研机构多年来进行了一系列的研究与教育合作活动。
伊拉斯姆斯中国法研究中心是中国和欧洲法学比较研究的重要学术机构，这一中心的成立对于中国和荷兰乃至欧盟的法学学术交流具有重要的里程碑意义，推广了荷兰的中国法教学和研究。
=== 伊拉斯姆斯经济学院 ===
伊拉斯姆斯经济学院（ESE）的基础和应用科学研究在荷兰和世界上享有盛誉。它的两个研究生院，伊拉斯姆斯管理研究学院（Erasmus Research School of Management，ERIM）和丁伯根研究所（Tinbergen Institute，TI）是世界上最好的研究机构和研究生院。伊拉斯姆斯经济学院明确地将经济学作为研究的重点。它是荷兰唯一明确提供商业经济学教育的学校。所有员工都参与了研究和教学，这使ESE茁壮成长。正如100年前一样，经济学家们是鹿特丹大学跳动的心脏。
=== 鹿特丹大学哲学学院 ===
鹿特丹大学哲学学院在广泛的哲学学科提供了坚实的创新教育和研究。哲学学院的研究分为四个专业领域：历史哲学、实践哲学、人与文化哲学、哲学理论。这四个研究项目包含了身份和差异性研究，哲学史，科学哲学，制度，伦理学，政治理论和信息通信技术的哲学启示。此外，哲学系设有伊拉斯姆斯哲学和经济学研究所（EIPE）：一个跨学科的研究所和研究生院。
=== 伊拉斯姆斯医学中心 ===
根据泰晤士高等教育，伊拉斯姆斯医学中心是欧洲最好的医疗机构之一。英国杂志每年发表有影响力的世界大学排名，鹿特丹大学的伊拉斯姆斯医学中心的临床和健康学在世界上排名第37位。在欧洲，瑞典的卡罗林斯卡医学院、荷兰的伊拉斯姆斯医学中心和比利时鲁汶大学跻身世界顶级医学研究机构。伊拉斯姆斯医学中心是荷兰最大的8所医学中心之一。
=== 伊拉斯姆斯历史、文化与传播学院 ===
伊拉斯姆斯历史、文化与传播学院（ESHCC）在历史、艺术、文化、媒体和通信领域进行研究和提供研究培训。研究的很大一部分有多个跨学科中心的参与。欧洲研究人员培训是在研究生院（博士水平）和各种研究硕士项目（硕士水平）的背景下举办的。各种研究学院提供博士和研究型硕士的培训，目标在于培养在一个特定的学科进行研究的研究人员。http://www.esl.eur.nl/home/
=== 鹿特丹大学社会科学学院 ===
鹿特丹大学社会科学学院设有四个科学学科，每个学科对人与社会有其独特视角。处在社会科学系培训和研究的中心位置的是这样的座右铭：发现人，发现社会！
=== 国际社会科学研究所 ===
国际社会科学研究所（ISS）是鹿特丹大学在海牙的的一部分，是政策导向重要社会科学的国际研究生院。它在欧洲环境下汇集了来自全球南方和北方的学生和教师。1952由荷兰教育部设立，它在发展研究和国际合作领域进行研究、教学和公共服务。ISS位于世界的法律首都海牙。
ISS的理念和实践的关键是要为在全球范围内实现社会正义与公平做出贡献。ISS与发展中国家的组织和个人的强有力的伙伴关系形成了一个网络，在这一网络中，知识的共同创造以及研究和教学的集成方法能够得到蓬勃发展，并保持社会的相关性。通过提供高水平的政策建议，ISS与更广泛的公众分享知识，成为一个辩论、思想交流和从事咨询的平台。
=== 健康政策与管理研究所 ===
鹿特丹大学的健康政策与管理研究所（IBMG）关于健康政策和管理问题的教育和研究活动领先荷兰。学院提供学士课程，硕士课程和后学术教育。在IBMG，研究和教育活动是密切相关的。不同的科学学科的知识及经验，例如经济学、法律、社会医学、组织科学和公共管理学被汇集在一起，并应用于卫生保健部门。这种多学科方法的教育和研究是独特的。
IBMG高度重视国际化。来自国外的学生、教师和研究人员的数量已经在过去几年显着上升，这种趋势一定会继续。很明显这种广泛的国际定位丰富了我们的学习计划。

== 校园环境 ==
=== 可持续性 ===
2009年9月9日，也被称为鹿特丹大学的可持续发展日，绿色鹿特丹大学（GreenEUR）正式启动。在这一天，绿色鹿特丹大学与绿化校园组织合作共同开展了一系列校园活动。在过去的几个月里，一群学生通过不懈努力建立了一个学生组织，这个组织是为了对可持续发展感兴趣的同学而设立的。绿色鹿特丹大学的使命包括两层：我们想要激励学生和发起让伊拉斯姆斯大学更具有可持续性的项目。自2010年10月起绿色鹿特丹大学正式被学校行政层认可。这意味着鹿特丹大学信任我们的使命，会为我们的任务完成分配充足的资源。
=== 大学图书馆 ===
鹿特丹大学图书馆保证了鹿特丹大学科学信息和其他信息服务的提供。图书馆为学生、讲师和研究者提供服务。它处于科学事业的中心位置。凭借其收藏的专业性，鹿特丹大学图书馆也履行着社会职能，特别是在这一地区。图书馆代表着客户导向、创新性和效率性。图书馆活动的中心焦点在于它的专业性、团队合作和公平竞争。

== 所在城市 ==
鹿特丹(Rotterdam)（北纬 51°55', 东经4°29' ）是荷兰第二大城市，欧洲第一大港口，亚欧大陆桥的西桥头堡（东桥头堡是中国连云港市），位于欧洲莱茵河与马斯河汇合处。鹿特丹位于荷兰的南荷兰省，Nieuwe Maas河畔。它是欧洲最大的海港，直到近年来甚至曾是世界上最大的海港。整座城市展布在马斯河两岸，距北海约25公里，有新水道与北海相连。港区水域深广，内河航船可通行无阻，外港深水码头可停泊巨型货轮和超级油轮。鹿特丹的名字来自于在市中心注入Nieuwe Maas河的小河鹿特河和荷兰词Dam（坝）。&lt;br /&gt;

== 哲学家伊拉斯谟 ==
德西德里乌斯·伊拉斯谟（Desiderius Erasmus ，约1466—1536）荷兰哲学家，16世纪初欧洲人文主义运动主要代表人物。1524年写了《论自由意志》并同马丁·路德通信，批评路德。他知识渊博，忠于教育事业，一生始终追求个人自由和人格尊严，但忽视自然科学。


== 參考文獻 ==

{{reflist}}

==外部链接==
{{Commons category|Erasmus University}}
*[http://www.eur.nl/ 鹿特丹大学网站]
*[http://www.rsm.nl/ 鹿特丹大学管理学院网站]
*[http://www.erasmusmc.nl/content/englishindex.htm 鹿特丹大学医学院]

[[Category:鹿特丹大学| ]]
[[Category:1913年創建的教育機構]]</str>
    <str name="title">鹿特丹伊拉斯姆斯大学</str>
    <str name="titleText">鹿特丹伊拉斯姆斯大学</str>
    <str name="user">Kolyma</str>
    <int name="userId">400936</int>
    <int name="revision">31836020</int>
    <date name="timestamp">2014-07-09T03:57:41Z</date>
    <long name="_version_">1484748620010881026</long></doc>
  <doc>
    <str name="id">3737952</str>
    <str name="text">唐纳德· F. 拉赫（Donald F. Lach）（1917年9月24日——2000年10月26日）是[[芝加哥大学]]的[[历史学]]教授，在研究亚洲对现代欧洲（1500-1800）历史发展的影响方面，他也可能是最权威的学者。
拉赫是出生于[[匹兹堡]]的[[德国]]移民，1937年于西弗吉尼亚大学获得学士学位，1941年在芝加哥大学获得博士学位。1937年，拉赫与Alma Elizabeth Satorius——一位的厨师和菜谱作家——结婚，1943年生下女儿Sandra Lach Arlinghaus。获得博士学位后，拉赫在Elmira College任教，后于1948年回到芝加哥大学。
1969年，拉赫被提名为芝加哥大学 Bernadotte E. Schmitt&lt;ref&gt;http://en.wikipedia.org/wiki/Bernadotte_Everly_Schmitt&lt;/ref&gt;历史学讲席教授。1988年退休。&lt;ref&gt;http://articles.chicagotribune.com/2000-10-30/news/0010300008_1_east-asian-studies-17th-century-fulbright-scholar&lt;/ref&gt;2000年因中风和肺炎去世。

== 学术研究 ==
拉赫主攻现代史方向，尤其是欧洲与亚洲的交流史。&lt;br /&gt;
他的博士论文是《中国对德国文明的贡献，1648-1740》（ "Contributions of China to German Civilization, 1648-1740"），1944年节选出版。&lt;br /&gt;
1949-1950年，拉赫获得富布赖特奖学金前往法国访学，1952-1953年又获得社会科学研究中心（Social Science Research）的许可在欧洲继续研究。在50年代早期与他人合作出版两部著作。&lt;br /&gt;
1955-1966年拉赫任教于台湾政治大学和台湾大学，1967-1968年在[[印度]][[德里大学]]。此时他开始写作一生最重要的著作——《欧洲形成中的亚洲》丛书。1965年出版了第一卷上下册。直到到退休后的1993年，《欧洲形成中的亚洲》共三卷九册全部出版。&lt;br /&gt;
拉赫另一个次要的学术兴趣，是20世纪中期[[东亚]]的政治地位。1975年赫与Edmund S. Wehrle合写了《二战后的东亚的国际政治》（International politics in East Asia since World War II）。&lt;ref&gt;http://articles.chicagotribune.com/2000-10-30/news/0010300008_1_east-asian-studies-17th-century-fulbright-scholar&lt;/ref&gt;

== 主要著作 ==
1，博士论文《中国对德国文明的贡献，1648-1740》（ "Contributions of China to German Civilization, 1648-1740"），1944年节选出版。&lt;br /&gt;
2，《现代远东国际关系》（Modern Far Eastern International Relations，与芝加哥大学教授 Harley Farnsworth MacNair 合写）1950年。&lt;br /&gt;
3，《欧洲与现代世界》（Europe and the Modern World，与芝加哥大学 Louis Gottschalk合写），包括两卷：《现代欧洲的兴起》（The Rise of Modern Europe，1951），《现代欧洲的转化》（ The Transformation of Modern Europe ，1954）。&lt;br /&gt;
4，翻译出版莱布尼茨《中国近事》（Novissima Sinica）的前言，1957年。&lt;br /&gt;
5，与Carol Flaumenhaft合编论文集《欧洲扩张前夕的亚洲》（Asia on the Eve of Europe's Expansion），1965年。&lt;br /&gt;
6，《欧洲形成中的亚洲》（Asia in the making of Europe）丛书，1965-1993年，具体卷册信息详见下文。&lt;br /&gt;
7，《欧洲眼中的中国，16世纪》（China in the Eyes of Europe: The Sixteenth Century），《欧洲眼中的印度》，《欧洲眼中的日本》，《欧洲眼中的东南亚》，1968年。这几本书是基于丛书第一卷的内容、摘录编辑而成的单行本。&lt;br /&gt;
8，与Edmund S. Wehrle合写了《二战后的东亚的国际政治》（International politics in East Asia since World War II），1975年。&lt;ref&gt;http://articles.chicagotribune.com/2000-10-30/news/0010300008_1_east-asian-studies-17th-century-fulbright-scholar&lt;/ref&gt;

== 代表作《欧洲形成中的亚洲》 ==
第一卷《发现的世纪》（A Century of Discovery），此卷分两册，考察了16世纪欧洲与亚洲的接触和交往。出版于1965年。&lt;br /&gt;
第二卷《奇迹的世纪》（A Century of Wonder）。1970年出版第一册，1977年出版第二、第三册。&lt;br /&gt;
第三卷《发展的世纪》（A Century of Advance）是在拉赫退休后，与他的学生、助手埃德温·J. 范·克雷（Edwin J. Van Kley）合作完成的。1993年第三卷的四册书全部出版。这一卷研究的是17世纪的欧亚关系。&lt;br /&gt;
&lt;br /&gt;
在关于欧洲的历史书中，探讨欧洲之外的文化对欧洲的重大影响，《欧洲形成中的亚洲》是开先河之作。拉赫研究了近现代阶段亚洲对欧洲的影响，包括彼此在各个方面的探索和交流：植物学、地理学、民族志、哲学、历史学、医学、动物学等等。拉赫不仅搜集了欧洲的书籍和手稿，还包括器物、艺术品和亚洲的第一手资料。他不仅精通法语、德语、西班牙语、荷兰语，还懂得汉语和其他几种亚洲语言。&lt;br /&gt;
2013年，《欧洲形成中的亚洲》在中国大陆翻译出版，引起了很大反响，新京报、凤凰网&lt;ref&gt;http://book.ifeng.com/shuhua/detail_2013_05/15/25317667_0.shtml&lt;/ref&gt;、腾讯&lt;ref&gt;http://cul.qq.com/a/20130716/008432.htm&lt;/ref&gt;和光明日报&lt;ref&gt;http://reader.gmw.cn/2013-10/21/content_9239525.htm&lt;/ref&gt;等媒体都给予了关注。这是拉赫穷其一生留下的巨著，也是所有现代史、世界史、东西文化交流的研究者必不可少的参考。

==參考資料==
{{reflist}}

[[Category:芝加哥大学教授]]
[[Category:美国历史学家]]</str>
    <str name="title">唐纳德·F.拉赫</str>
    <str name="titleText">唐纳德·F.拉赫</str>
    <str name="user">丁新一</str>
    <int name="userId">1270430</int>
    <int name="revision">31188515</int>
    <date name="timestamp">2014-05-03T23:46:10Z</date>
    <long name="_version_">1484749429525184514</long></doc>
  <doc>
    <str name="id">1241292</str>
    <str name="text">*'''[[肖托夸运动|哪一个美国教育运动]]'''被[[西奥多·罗斯福|老罗斯福]]总统称为“美国最美国的事物。”？
*组成[[大学]]的分支教学单位是'''[[学院|什么]]'''？
*[[欧洲]]历史最悠久的大学是'''[[博洛尼亚大学|哪一所]]'''？
*'''[[北京大学|哪所大学]]'''是中国近代第一所国立大学？</str>
    <str name="title">Portal:教育/你知道吗</str>
    <str name="titleText">Portal:教育/你知道吗</str>
    <int name="revision">12807341</int>
    <date name="timestamp">2010-04-08T22:24:27Z</date>
    <long name="_version_">1484748940049907712</long></doc>
  <doc>
    <str name="id">1488018</str>
    <str name="text">{{unreferenced|time=2010-12-25T12:43:54+00:00}}
[[File:Einhard vita-karoli 13th-cent.jpg|thumb|right|250px|13世纪《查理大帝传》手稿插图]]

'''查理大帝传'''（Vita Karoli Magni），是一部9世纪记录[[查理大帝]]生平的历史书籍，共有两篇，第一篇由[[艾因哈德]]所著，第二篇由圣高尔修道院僧侣（佚其名）所著。历史学家通常认为这部作品是第一部记录欧洲国王的作品。艾因·哈德被认为在这部作品中模仿了[[苏埃托尼乌斯]]的《[[罗马十二帝王传]]》。

[[Category:君主传记]]
[[Category:9世纪书籍]]
[[Category:欧洲历史著作]]</str>
    <str name="title">查理大帝传</str>
    <str name="titleText">查理大帝传</str>
    <str name="user">Berthe</str>
    <int name="userId">571245</int>
    <int name="revision">27038270</int>
    <date name="timestamp">2013-06-26T13:57:57Z</date>
    <long name="_version_">1484748999389872136</long></doc>
  <doc>
    <str name="id">2960949</str>
    <str name="text">{{Infobox Space Agency
|width         = 300px
|name          = 空间和电信法研究所
|image         = Idest logo.jpg
|headquarters  = 国玺, 法国
|acronym       = IDEST
|administrator = Philippe Achilleas
|URL           = [http://www.idest-paris.org/ www.idest-paris.org]
}}

'''空间和电信法研究所''' ('''IDEST''') 由空间和电信的专业人士创立于2000年，它附属于[[巴黎第十一大学]]，拥有一批教授，讲师和博士生，除此之外还有一批研究人员，他们受一个由著名教授和相关行业的专家组成的科学咨询委员会的领导&lt;ref&gt;http://www.idest-paris.org/fr/équipe-pédagogique-52&lt;/ref&gt;。

== 双重技能 ==
IDEST涵盖了所有法律方面的空间利用和应用。该研究所同时也很注重产业合作和项目融资，它拥有分析国民经贸军事等方面国家空间政策的能力。此外，IDEST还拓展到了电信法，尤其是在市场管理，运用稀缺资源以及设备和应用的规范化等方面。最后，研究所对于以下相关的问题也有所研究：信息和传媒法，防御和安全。

== 国际研究策略 ==
研究所整合了十多个国家的研究人员，能够提供多语言教学：法语，中文，阿拉伯语，英语，西班牙语，德语，波斯语，俄语和日语。此外他在海外拥有代理人，能够保证与巴黎支部的联系。自从成立以来，IDEST已经与许多主要的空间电信法研究所签署研究合约&lt;ref&gt;http://www.idest-paris.org/fr/signature-du-contrat-de-recherche-anfr-idest-71&lt;/ref&gt;。成员们在权威刊物上发表文章&lt;ref&gt;http://editions.larcier.com/auteurs/33184/philippe-achilleas.html&lt;/ref&gt;，并在世界范围内参加大型的学术活动&lt;ref&gt;http://jmt2011.fr/philippeachilleas.php&lt;/ref&gt;。该研究所围绕博士论文展开，其中几次是和海外机构一起进行的联合指导。

== 公认的教育能力 ==
IDEST隶属于巴黎第十一大学的空间活动和电信的硕士管理专业。其成员在法国或者海外的许多其他大学或者学院学习，特别是l'ISAE-Supaéro, Supelec&lt;ref&gt;http://www.supelec.fr/fi/c_127563/droit-des-activites-spatiales-et-des-telecommunications.html&lt;/ref&gt;,l’ENSTA, l’ISU&lt;ref&gt;http://www.isunet.edu/index.php/academic-information/faculty&lt;/ref&gt;，斯特拉斯堡大学，巴黎政治学院……IDEST 也有在法国和海外的空间和电信法的教授。

2011年，ISAE和巴黎第十一大学之间签署了一项协约，目的是促进两个机构间在空间法方向的合作&lt;ref&gt;http://www.idest-paris.org/fr/signature-d’une-convention-entre-l’université-paris-sud-11-et-l’isae-supaéro-260&lt;/ref&gt;。

== IDEST会议 ==
=== 欧洲日 ===
受益于其研究员和先前学生的国际网络，IDEST定期在[[欧盟]]的不同国家组织欧洲日活动。这些活动连续两年在同一城市聚集教育界人士和法国本土实践家，目的是通过比较国家法律经验和法律文化，以加强学术和专业合作。
IDEST的第一个欧洲日在罗马尼亚的锡比乌举行，围绕主题是信息社会的欧洲(2007)和规范电信市场-经验交流(2008)。第二个欧洲日在匈牙利的布达佩斯，主题是竞争和规范电信市场(2010)和网络产业的竞争(2011)。　

=== 世界电信日专业讨论会 ===
世界电信和信息社会日是由国际电信联盟发起的，以在经济和社会范围内提高使用信息技术的社会关注度为目的，同时也为了减小数字鸿沟。
5月17日是第一个国际电报协议签署的日子&lt;ref&gt;http://www.itu.int/wtisd/index-fr.html&lt;/ref&gt;，也是国际电信联盟成立的日子，故选择了这个日期。IDEST决定在此框架下每年组织法律讨论会，围绕最著名的电信法专家，律师和法学家以解决网络发展和电子通信服务相关的问题。
讨论会2010年的主题是电信法的新规章制度，在2009年回顾之后，转移到法国法律中。2011版专注于对所有人的高速信息流量。

== 合约与研究 ==
=== 国内合约 ===
成立以来, IDEST获得了一些国内研究的合约，值得一提的是与国家空间研究中心的合作，在制定空间活动的法律方案方面IDEST与其有密切联系。IDEST也与法兰西岛地区签署了一个重要合约，目的是发展巴黎第十一大学和布达佩斯大学电信法专业的来往学生和研究人员的流动性。2011年，IDEST的任务是保证与ANFR和与CNES两个合约签署，还有一个是对附属于总理的策略分析中心的欧洲空间治理的鉴定。

=== 欧洲合约 ===
在行星保护和空间太阳能发电站领域，通过了两个与欧洲航天局的研究合约之后，IDEST获取了欧盟的信任以及两个主要项目：Twining欧洲项目UA/06/PCA/OT/05促进乌克兰与欧洲联盟的空间合作，2008年六月到2010年二月期间有一系列的见面会在基辅举行，还有同意协作项目声明（第七次活动框架）意在保护社交网络个人数据信息。IDEST也与罗马尼亚官方密切合作，目的是引入欧洲的电信法。

=== 国际合约 ===
在众多国际研究和合约中，IDEST引导研究关于美国洛克希德的空间财产保护，新加坡空间旅游。

== 合作伙伴 ==
=== 大学／研究中心 ===
IDEST与很多法国及国外大学发展了战略合作关系：ISAESupaéro（法国图卢兹），空间政策研究所（美国华盛顿），伙计空间法研究中心（乌克兰基辅），天主教彼得巴斯曼尼大学（匈牙利布达佩斯），哈恩大学（西班牙哈恩），[[哈尔滨工业大学]]（中国哈尔滨），[[罗马大学]]（意大利罗马）。

=== 专业氛围 ===
从建立以来，IDEST与空间电信行业专家建立了紧密的联系&lt;ref&gt;http://www.idest-paris.org/fr/partenaires-m2-droit-des-activités-spatiales-et-des-télécommunications-idest-61&lt;/ref&gt;。研究所在法国国家空间研究中心和欧洲航天局推动下成立，它的活动受到了很多组织的支持，其中包括欧洲通信卫星组织，欧洲宇航防务集团，Marsh和Thales。在电信领域，ARCEP和ANRFr也参与了规范研究所活动，这得益于与法国电信的特殊关系。此外，一些律师事务所也与IDEST紧密配合：Bird &amp; Bird, [[安永|Ernst &amp; Young]], Gide Loyrette Nouel, Iteanu &amp; Associés, YGMA.　

== 硕士研究生 空间活动与电信法 ==
作为第一个空间和电信法专业的文凭，它是在专业团体的支持下，为满足越来越多产业对高学历人员的要求而创立的。硕士研究内容是由有合作关系的空间宇航和电信领域的大公司和机构所设定的。
每年，指导委员会会重新分析就业市场。学术实践和长期实习（法国货或国外）可以丰富基础教育。与就业市场的长期接触得益于由专业人士组成的教育组（70%校外兼课人员），未来雇主的课程，本地著名公司和机构的课程（50%的课程），在法国专业性的旅游和参观，硕士合作伙伴指导的职业规划，由之前学生形成的跨国关系网。

=== 国际教育 ===
课程对于欧洲和世界都是开放的，这得益于研究所教授结合国内和跨国的研究方法，用法语和英语授课，多文化教育组（9个国家），外国学生占总数一半（2002年以来，有61个国家的264位学生选择了在此攻读硕士），研究所参与了国际重大活动&lt;ref&gt;http://jmt2011.fr/philippeachilleas.php&lt;/ref&gt;。

=== 跨学科教育 ===
课程设置针对未来职业规划，强调法律与其他学科的联系—科学，工程，经济，管理，政治。教育组和学生的跨学科性通过对文件的深入理解和与各部门的实际交流，尤其是技术部门，从而便利了公司和研究所内部的整合。

=== 主办人 ===
每个班有专人负责一直辅导学生，班级以它命名。
 
* 2002 - 2003年： [[法國國家太空研究中心|国家空间研究中心]] （CNES） 
* 2003 - 2004年： [[ESA|欧洲航天局]] （ESA） 
* 2004 - 2005年： 欧洲宇航防务集团 
* 2005 - 2006年： 电子通信和邮政监管局 （ARCEP） 
* 2006 - 2007年： 法国电信 
* 2007 - 2008年： 欧中通信卫星组织
* 2008 - 2009年： 经济，工业和就业部部长 
* 2009 - 2010年： 泰利斯阿莱尼亚宇航公司 （TAS） 
* 2010 - 2011年： 基德律师事务所 
* 2011 - 2012年： 赛峰集团
* 2012 - 2013年： 布依格电信
* 2013 - 2014年： 公司阿丽亚娜空间 (Arianespace)

=== 评估 ===
研究和高等教育评估机构，评估给予了空间和电信法硕士最高分数A+，名列在法国最好综合性大学之中&lt;ref&gt;http://www.aeres-evaluation.fr/content/download/12517/178316/file/AERES-S3-VD-PARIS11-Master.pdf&lt;/ref&gt;。

== 参考资料 ==
{{reflist}}

== 外部链接 ==
* {{官方网站|http://www.idest-paris.org}}

[[Category:法律]]
[[Category:大学]]</str>
    <str name="title">空间和电信法研究所</str>
    <str name="titleText">空间和电信法研究所</str>
    <str name="user">Lorono</str>
    <int name="userId">1263885</int>
    <int name="revision">29109046</int>
    <date name="timestamp">2013-11-03T07:43:33Z</date>
    <long name="_version_">1484749257130901505</long></doc>
  <doc>
    <str name="id">1024687</str>
    <str name="text">{{noteTA
|T=zh-cn:鹿特丹管理学院; zh-tw:鹿特丹管理學院;
}}
{{高校
| name = 伊拉斯姆斯大学鹿特丹管理学院
| image = 
| logo = 
| motto = 
| rector = Dean Steef van de Velde
| president =
| vice-president =
| type = 公立大学
| established = 1966年
| location = [[荷兰]]，[[南荷兰省]]，[[鹿特丹]]
| students = 7,000
| staff = 
| telephone =
| area = 
| sports = 
| website = http://www.rsm.nl/
| label_color =
| border_color =
| box_width =
}}

'''鹿特丹管理学院（Rotterdam School of Management/Erasmus Graduate School of Business）'''是[[荷兰]]商学院最高学府，在[[荷兰]]被称为[[欧洲]]的[[哈佛]]。依托世界上最大的港口[[鹿特丹]]港，它的[[物流]]方向是[[欧洲]]第一。作为[[商学院]]，它长期在[[Financial Times]]排名[[荷兰]]第一，[[欧洲]]前十，全球前25。

== 简介 ==
中文全称：'''伊拉斯姆斯大学鹿特丹管理学院'''

英文全称：'''Rotterdam School of Management, Erasmus University Rotterdam'''

简称：'''RSM'''


'''鹿特丹管理学院'''（'''Rotterdam School of Management'''）是[[荷兰]]商学院最高学府，在荷兰被称为欧洲的哈佛。依托世界上最大的港口[[鹿特丹]]港，它的[[物流]]方向是欧洲第一。作为商学院，它长期在 Financial Times排名荷兰第一，[[欧洲]]前十，全球前25。

与欧洲其他商学院不同，鹿特丹管理学院属于[[鹿特丹]]大学，强调研究。虽然它的商学院排名并不是欧洲第一，但是它是欧洲研究排名第一的商学院。根据Financial Times报告，鹿特丹管理学院的研究性课程－[[博士]]课程，长期全球第四，仅次于2所美国学校和一所英国学校，处于欧陆第一(见FT官方网站)。

根据[[莱顿大学]]的“全球商学院学术产出研究报告”，鹿特丹管理学院研究长期处于欧洲前三之列，在国际商学院顶级杂志发表论文数量长期欧洲第一。RSM的研究在荷兰一直遥遥领先,处于绝对第一的位置，也一直处于欧洲研究三强之列（法国INSEAD,英国LBS,荷兰RSM），其中在国际顶级期刊（如J. Finance, AER,MS,OR,ASQ,JMR,MIS-Q,AMJ）发表数量上，荷兰RSM一直力压法国INSEAD和英国LBS，处于欧洲第一的地位。该校是学术性学院，广告不多，适合读博士，哲学硕士等研究性课程。

世界上第一位[[诺贝尔]][[经济学]]奖得主丁伯根Jan Tinbergen属于鹿特丹管理学院（当时名为The Netherlands School of Economics Rotterdam）。

== 课程设置 ==

=== 本科 ===
BSc in Business Administration
工商管理（荷兰语授课）

BSc in International Business Administration
IBA国际工商管理（英文授课）
　　
=== 硕士 ===
MSc Business Administration specialisation in Accounting &amp; Control
工商管理专业会计与控制

MSc Business Information Management
商业信息管理

MSc Chinese Economy &amp; Business
中国经济与商业

MSc Entrepreneurship &amp; New Business Venturing
企业与新创业

MSc Finance and Investments
金融与投资

MSc Global Business &amp; Stakeholder Management
环球商业与利益者管理

MSc Human Resource Management
人力资源管理

MSc Management of Innovation
创新管理

MSc Marketing Management
市场营销管理

MSc Organisational Change &amp; Consulting
组织性变动与咨询

MSc Strategic Management 
战略管理硕士
MSc Supply Chain Management
供应链管理硕士

MSc International Management - CEMS
国际管理-CEMS

=== MBA ===

International Full-time MBA
全日制国际工商管理学硕士

Executive MBA
行政工商管理学硕士

Global Executive OneMBA
环球行政工商管理学硕士

=== 研究性学位 ===
MPhil Business Research

PhD Management


== 知名校友 ==

Alexander Ribbink,TomTom首席运营官

Sergio Orlandini，[[荷兰皇家航空公司]]KLM前任主席

Cor Herkströter，荷兰皇家[[壳牌石油]]公司Royal Dutch Shell 前任主席

Herman Heinsbroek，前经济事务部部长，Arcade Records 创始人

Rene Hooft Graafland，[[喜力]]Heineken 首席财务官

Michiel Meurs，荷兰阿霍德集团[[Ahold]] 首席财务官

Maarten Fontein,AFCAjax足球俱乐部前任首席执行官

Cor Herkströter，荷兰皇家帝斯曼集团[[DSM]]主席，荷兰皇家[[壳牌石油]]公司Royal Dutch Shell 前任主席

Peter Bakker，荷兰天地集团[[TNT]] N.V. 首席执行官

Eduard Bomhoff 荷兰前任健康福利体育部部长，副总理

Prince Johan-Friso of Orange-Nassau 荷兰Beatrix皇后次子

Peter Nijkamp，（Spinozapremie奖获得者，区域经济学教授）

Sergio Orlandini （[[荷兰皇家航空公司]]KLM前任主席）

K. Geert Rouwenhorst （[[耶鲁大学]]管理学院国际金融中心副主任，金融学教授）

Jeroen van der Veer （荷兰皇家[[壳牌石油]]公司CEO)

Onno Ruding （[[花旗银行]]前任副主席，前荷兰财政部部长，前[[国际货币基金组织]]总干事）

Nout Wellink （[[荷兰中央银行]]主席）

Henri Termeer,(Genzyme公司主席，首席执行官）

Albert Winsemius，（常年任新加坡政府经济顾问）

Antoine van Agtmael，（前[[世界银行]]经济学家，首创术语“新兴市场emerging markets”）


[[Category:1966年创建的教育机构]]</str>
    <str name="title">鹿特丹管理学院</str>
    <str name="titleText">鹿特丹管理学院</str>
    <str name="user">Yinweichen-bot</str>
    <int name="userId">552715</int>
    <int name="revision">30659746</int>
    <date name="timestamp">2014-03-11T20:06:26Z</date>
    <long name="_version_">1484748860942188545</long></doc>
  <doc>
    <str name="id">1519409</str>
    <str name="text">[[汤森路透]]（{{lang-en|[[:en:Thomson Reuters|Thomson Reuters]]}}）在[[2009年8月]]首次推出了全球[[科学]]研究机构的[[论文]][[引用]][[排名]]&lt;ref name="Thomson Reuters"&gt;{{cite web |url = http://sciencewatch.com/inter/ins/09/09Top20Overall/ |title = The Most-Cited Institutions Overall, 1999-2009——Featured Institution Interview （1999年至2009年科研机构引用桂冠——科研机构特别采访）  |publisher = 科研统计机构：汤森路透社  |accessdate = 2011年01月10日 |language = en}}&lt;/ref&gt;。该排名以1999年至2009年之间全球科研机构在这10年中发表[[学术论文]]的总引用次数作为排名依据。

==排名方法==
排名对象为全球范围内的研究机构，包括各国[[大学]]和研究所。排名依据为各研究机构在1999年至2009年之间发表学术论文的总引用次数。具体依据时间段为：1999年1月1日至2009年4月30日&lt;ref name="Thomson Reuters" /&gt;。论文应在汤森路透社所搜集涵盖的各大[[学术]][[杂志|期刊]]上发表。科技领域涵盖共多达22种。

=== 涵盖领域 ===
论文及其引用所涵盖的领域共计有22种之多&lt;ref name="Thomson Reuters" /&gt;。下列是领域列表，包括[[英文]]原文（按[[英文字母]]顺序排序）和[[中文]][[翻译]]：
# Agricultural Sciences（[[农学]]，或称[[农业]][[科学]]）
# Biology &amp; Biochemistry（[[生物学]]和[[生物化学]]）
# Chemistry（[[化学]]）
# Clinical Medicine（[[临床医学]]）
# Computer Science（[[计算机科学]]）
# Economics &amp; Business（[[经济学]]和[[商学]]）
# Engineering（[[工程学]]）
# Environment/Ecology（[[环境科学]]/[[生态学]]）
# Geosciences（[[地质科学]]）
# Immunology（[[免疫学]]）
# Materials Science（[[材料学]]，或称材料科学）
# Mathematics（[[数学]]）
# Microbiology（[[微生物学]]）
# Molecular Biology &amp; Genetics（[[分子生物学]]和[[遗传学]]）
# Multidisciplinary（[[交叉科学]]，或称交叉学科）
# Neuroscience &amp; Behavior（[[神经科学]]和[[行为学]]）
# Pharmacology &amp; Toxicology（[[药理学]]和[[毒理学]]）
# Physics（[[物理学]]）
# Plant &amp; Animal Science（[[植物学]]和[[动物学]]，或称植物科学和动物科学）
# Psychiatry/Psychology（[[精神病学]]/[[心理学]]）
# Social Sciences, general（[[社会科学]]，总称）
# Space Science（[[空间科学]]）

===总体结论===
排行结果：划定世界前20名为顶尖科研院所，共有14所来自[[美国]]的[[大学]]位列榜中，随后是[[英国]]的3所[[大学]]。[[加拿大]]、[[日本]]、[[德国]]各有一所入榜。[[美国大学列表|美国大学]]在北美洲占有绝对统治地位（美洲15所中的14所），在世界上也占70%（20所中的14所）的绝对多数。[[英国大学列表|英国大学]]在[[欧盟]]中占有绝对多数（欧洲4所中的3所）。[[日本大学列表|日本大学]]是亚洲唯一进入前20的大学。

其中[[美国]]的[[哈佛大学]]为[[美国]]和[[北美洲]]的引文桂冠。[[欧洲]]的引文桂冠研究所是[[德国]]的[[马普学会]]（MPI），欧洲的引文桂冠[[大学]]是[[英国]]的[[伦敦大学学院]]（UCL）。[[加拿大]]的引文桂冠是[[多伦多大学]]。[[日本]]及[[亚洲]]的引文桂冠是[[东京大学]]。&lt;ref name="Thomson Reuters"/&gt;

== 顶尖机构 ==
'''前20'''的顶尖科研机构是：
{| class="wikitable"
|+1999年至2009年被引用最高的科研机构&lt;ref name="Thomson Reuters"/&gt;
|-
! 排名
! 科研机构名称
! 论文总数
! 引用总数
! 每篇论文引用数
|-
| 第1名
| [[哈佛大学]]
| 95,291 	
| 2,597,786 	
| 27.26 
|-
| 第2名
| [[马克斯·普朗克学会]]
| 69,373 	
| 1,366,087 	
| 19.69	
|-
| 第3名
| [[约翰霍普金斯大学]]
| 54,022 	
| 1,222,166 	
| 22.62 	
|-
| 第4名
| [[西雅图华盛顿大学]]
| 54,198 	
| 1,147,283 	
| 21.17 
|-
| 第5名
| [[斯坦福大学]]
| 48,846 	
| 1,138,795 		
| 23.31
|-
| 第6名
| [[加州大学洛杉矶分校]]
| 55,237 	
| 1,077,069 	
| 19.5	
|-
| 第7名
| [[密歇根大学]]
| 54,612 	
| 948,621 	
| 17.37	
|-
| 第8名
| [[加州大学伯克利分校]]
| 46,984 	
| 945,817 		
| 20.13
|-
| 第9名
| [[加州大学旧金山分校]]
| 36,106 	
| 939,302 			
| 26.02 
|-
| 第10名
| [[宾夕法尼亚大学]]
| 46,235 	
| 931,399 			
| 20.14	
|-
| 第11名
| [[东京大学]]
| 68,840 	
| 913,896 				
| 13.28
|-
| 第12名
| [[加州大学圣地亚哥分校]]
| 40,789 	
| 899,832 					
| 22.06
|-
| 第13名
| [[多伦多大学]]
| 55,163 	
| 861,243 					
| 15.61	
|-
| 第14名
| [[伦敦大学学院]]
| 46,882 	
| 860,117 					
| 18.35  	
|-
| 第15名
| [[哥伦比亚大学]]
| 43,302 	
| 858,073 					
| 19.82 	
|-
| 第16名
| [[耶鲁大学]]
| 36,857 		
| 833,467 						
| 22.61 
|-
| 第17名
| [[麻省理工学院]]
| 35,247 	
| 832,439 							
| 23.62	
|-
| 第18名
| [[剑桥大学]]
| 43,017 
| 811,673 							
| 18.87 
|-
| 第19名
| [[牛津大学]]
| 40,494 
| 766,577 								
| 18.93
|-
| 第20名
| [[威斯康星大学麦迪逊分校]]
| 50,016 	
| 760,091 									
| 15.2 
|-
|}

== 参考文献 ==
{{Reflist}}

== 参见 ==
* [[大學競爭]]
* [[大学排名]]
* [[世界大學排名列表]]
* [[QS世界大學排名]]
* [[QS亞洲大學排名]]
* [[泰晤士高等教育]]
* [[世界大学学术排名]]
* [[世界大学科研论文表现排名]]
* [[泰晤士高等教育-QS世界大学排名]]

{{-}}
{{世界大学排名}}

[[Category:研究机构]]
[[Category:大学排名]]</str>
    <str name="title">研究机构论文引用排名 (1999-2009)</str>
    <str name="titleText">研究机构论文引用排名 (1999-2009)</str>
    <str name="user">我弹</str>
    <int name="userId">169128</int>
    <int name="revision">32586065</int>
    <date name="timestamp">2014-09-07T06:28:31Z</date>
    <long name="_version_">1484749016890605572</long></doc>
  <doc>
    <str name="id">373338</str>
    <str name="text">{{高校
|马斯特里赫特大学
|Universiteit Maastricht
|Leading in Learning!
|[[Dr. ir J.M.M. Ritzen]]
|公立
|1976年
|[[荷兰]][[马斯特里赫特]] 
| 学生人数       = 13100
| 网址       = [http://www.maastrichtuniversity.nl/ www. maastrichtuniversity.nl] 
|}}

'''马斯特里赫特大学'''（[[荷兰文]]：Universiteit Maastricht, [[英文]]：Maastricht University）位于[[荷兰]]东南部[[林堡省]]的首府—[[马斯特里赫特]]市。

马斯特里赫特大学成立于1976年，是荷兰的国立研究型大学之一。学校现有学生13100人，教职员工3500人。共设有7个学院: 自然科学学院, 社会学和艺术学院, 经济科学学院, 医学院, 生命健康学院, 心理学学院和法学院。

马斯特里赫特大学是一所十分国际化的综合院校，国际学生比例占该校总人数的44％，而海外教师的比例也占到30%，马大多数的硕士课程都用英文授课，超过一半以上的硕士学生都不是荷兰本国学生。马斯特里赫特大学也是欧洲率先采用问题导向（PBL)并实行小班教学的大学之一。

马斯特里赫特大学下属的经济学院（SBE）是荷兰乃至欧洲最好的学院之一，取得了EQUIS、AACSB、AMBA三项世界顶级认证，是世界上极少数同时拥有这三项皇冠认证的大学之一。其在人工智能方面的研究同样位于欧洲前列，同时该校的医学、艺术音乐和语言学同样声名远扬。另外，土豆网的技术开发也出自马大的技术人员之手。

2004-2005，马大连续被荷兰教育部评为教学质量最好的大学。06年以来，在荷兰高等教育委员会评估一直获获得最高分数，列为荷兰顶尖大学之一。世界排名方面，英国泰晤士报世界高校排行（UK Times Higher Education）里，马大排名世界前120（2009年），雄居欧洲50强大学之列；同时为人文社科类高校世界前五十强，国际学生评价占欧洲第5。在美国US news and World reprot的世界大学排名中，马大排在第110位（2008年）。而在俄罗斯最新发布的Rating of Educational Resources 2010 中，马大排名第一百。

==外部链接== 	 
* [http://www.unimaas.nl/default.asp?taal=en 马斯特里赫特大学]

[[Category:荷蘭大學]]
[[Category:1976年創建的教育機構]]
[[Category:马斯特里赫特]]</str>
    <str name="title">马斯特里赫特大学</str>
    <str name="titleText">马斯特里赫特大学</str>
    <str name="user">Yinweichen-bot</str>
    <int name="userId">552715</int>
    <int name="revision">30653668</int>
    <date name="timestamp">2014-03-11T10:17:12Z</date>
    <long name="_version_">1484748656329359360</long></doc>
  <doc>
    <str name="id">1057289</str>
    <str name="text">'''丁伯根研究所（廷贝亨研究所）'''（ Tinbergen Institute, 简称TI）是以第一届[[诺贝尔经济学奖]]得主[[扬·廷贝亨]]的名字命名的[[经济学]]研究所。该所由[[鹿特丹伊拉斯谟大学]]（Erasmus University Rotterdam） 、[[阿姆斯特丹大学]]（University of Amsterdam）和[[阿姆斯特丹自由大学]]（VU Amsterdam）的经济系于1987年联合创立。 

该所的研究生院是一所欧洲顶级的集经济，计量，金融的研究机构。按照所属研究员的研究发表来排名，该所位于世界前20。该研究生院主要负责为上述三所大学培养经济学[[研究型硕士]]（mphil），分为两个方向：[[经济]]方向和[[金融]]方向。目前，该所约有100名研究员和150名研究生。该所的校友供职于世界各地的大学（[[香港大学]]商学院，[[纽约大学]]商学院，[[新加坡国立大学]]商学院）、政府([[瑞典央行]]，[[荷兰央行]])、[[国际组织]]（[[IMF]]，[[欧洲央行]]，[[美联储]]）和[[跨国公司]]（[[瑞银集团]]，[[ING]]等）。

== 参考资料 ==

*[http://www.tinbergen.nl/ 廷贝亨研究所官方网站]

[[Category:荷兰研究机构]]
[[Category:经济研究机构]]</str>
    <str name="title">廷贝亨研究所</str>
    <str name="titleText">廷贝亨研究所</str>
    <str name="user">Redaiyinhu</str>
    <int name="userId">1490537</int>
    <int name="revision">28304284</int>
    <date name="timestamp">2013-08-20T03:31:58Z</date>
    <long name="_version_">1484748871681703937</long></doc>
</result>
</response>
