<?xml version="1.0" encoding="UTF-8"?>
<response>

<lst name="responseHeader">
  <int name="status">0</int>
  <int name="QTime">0</int>
  <lst name="params">
    <str name="q">目前的北回归线位置是由哪个组织确定的？</str>
    <str name="indent">true</str>
    <str name="wt">xml</str>
  </lst>
</lst>
<result name="response" numFound="1195179" start="0">
  <doc>
    <str name="id">31348</str>
    <str name="text">{{noteTA
|T=zh-cn:北回归线;zh-tw:北回歸線;
|1=zh-cn:北回归线;zh-tw:北回歸線;
|2=zh-hant:南回歸線;zh-hans:南回归线;
}}
[[File:World map with tropic of cancer.svg|thumb|350px|圖中穿越世界地圖的紅色線即北回歸線]]

'''北回归线'''是[[太阳]]在[[北半球]]能够直射到的离[[赤道]]最远的位置点，将这些点连起来的假想线便叫“北回归线”，以西元2014年夏至日為準，其位置约在北纬23度26分14.675秒。相對的，南纬23度26分14.675秒則為“[[南回归线]]”。

因為地球會進行自转，所以會产生昼夜更替的現象，但地球的自转轴其实并不是正的，而是与繞太陽公转的轨道面(黃道面)呈约66.55°的夹角，称「黄赤交角」。由于「黄赤交角」的存在，太阳在地球表面的直射点并非一直正對著赤道带，而是在北回歸線和南回歸線的區間之内移动，每年春分日（3月21日左右）太阳直射点位于位于赤道，此后北移，于夏至日（6月22日左右）到达约北纬23°26′，然后转而南移，于秋分日（9月23日左右）回到赤道，并继续南移，于冬至日（12月22日左右）到达南纬23°26′，然后立即再度向北移动，于次年春分日再度回归赤道。&lt;ref&gt;中国少年儿童百科全书（自然·环境），第190——191页&lt;/ref&gt;所以太阳直射点看起来就像是在到达北回归线和南回归线之後，立即掉头往赤道的位置回返。

二千多年前西方人观测到北回归线时，其夏至日位置正处在天空中[[黄道十二宫]]的[[巨蟹座]]（Cancer）方位，从此回归远处，故称“巨蟹座回归线”（{{lang|en|Tropic of Cancer}}）。但由于星体运动，现在已經移动到了[[双子座]]位置。

正是由于黄赤交角的存在，导致地球公转时，在一年之中，太阳直射在地球表面的位置不斷變換，才形成了四季更迭。無論北半球或者南半球，只要接受太阳直接照射的時間比較長，就是该半球区域的夏季。北回归线就是北半球能够受到太阳直射的纬度上限，具有重要科学和人文意义，因为地球大部分位於海平面以上的陸地都集中在北半球，所以北回归线与人类接触更显紧密，它是北温带与热带的分界线。

目前的北回归线（“南回归线”亦同）位置是联合国教科文组织(UNESCO)于1976年第16届国际天文联合会确定的，它只是一个为了方便教学和理解为目的的参考值，并非北回归线的准确地理位置。实际上，受岁差、章动和极移等天文因素的影响，南、北回归线位置并非确定不变。以北回归线为例，它的纬度上限：北在北纬24°14′39″，南在北纬22°37′56″，相差约180公里，往复周期约为三万七千一百五十八年。目前北回归线正每年向南移动大约47秒，约14.4米，已于2009年夏至日经过周期中点，即23度26分17秒，并继续南移，直到公元11300年到达最南点时才会北返。因此各地所立的北回归线界碑实际没有天文意义，但研究北回归线的变化周期具有重要天文、地理和历史人文意义&lt;ref&gt;[http://www.chinanews.com/life/news/2009/06-17/1738151.shtml]&lt;/ref&gt;。

北回歸線通過的國家及地区有：[[台灣]]、[[中國大陸]]、[[緬甸]]、[[印度]]、[[孟加拉]]、[[阿曼]]、[[阿拉伯聯合大公國]]、[[沙烏地阿拉伯]]、[[埃及]]、[[利比亞]]、[[阿爾及利亞]]、[[西撒哈拉]]、[[巴哈馬]]、[[墨西哥]]等。

== 台灣北回歸線標誌 ==
台灣的北回歸線標誌有：

[[嘉義縣]][[水上鄉]]下寮村、[[花蓮縣]][[瑞穗鄉]]舞鶴村、[[花蓮縣]][[豐濱鄉]]靜浦村、[[澎湖縣]][[虎井嶼]]&lt;ref&gt;[http://www.libertytimes.com.tw/2013/new/jun/20/today-south11.htm 虎井北回歸線地標世界第10座]&lt;/ref&gt;

另外，[[臺灣鐵路管理局]]於[[嘉義縣]]北回歸線通過處設有北回歸線車站為貨運用途，今已廢止。

&lt;gallery&gt;
File:Tropic of Cancer Monument in Chiayi Taiwan 01.jpg|臺灣嘉義縣水上鄉下寮
File:The Solar Exploration Center (Taiwan).jpg|臺灣嘉義縣水上鄉北回歸線太陽館
File:Tropic of Cancer in Hualian Taiwan.jpg|臺灣花蓮縣瑞穗鄉舞鶴
File:Tropic of Cancer in Hualian Taiwan 01.JPG|臺灣花蓮縣豐濱鄉靜浦
&lt;/gallery&gt;

== 中國大陆北回歸線標誌 ==
中國大陆在北回归线经过的地方：广东的汕头、从化、封开和云南的墨江都建起了标志塔。

* [[雲南省]][[墨江哈尼族自治縣]]
* [[广西壮族自治区]][[桂平]]
* [[广东省]][[肇庆市]][[封開县]]
* 广东省[[广州市]][[从化区]]：[[广州北回归线标志塔]]
* 广东省[[汕頭市]]：[[汕头北回归线标志塔]]

&lt;gallery&gt;
File:Conghua toweroftropicofcancer.JPG|廣東省廣州市从化市
&lt;/gallery&gt;

== 靠近北回歸線的都市 ==
* [[哈瓦那]]（[[古巴]]）
* [[達克拉]]（[[西撒哈拉]]）
* [[蘭契]]（[[印度]]）
* [[馬斯喀特]]（[[阿曼]]）
* [[達卡市]]（[[孟加拉國]]）
* [[梧州市]]（[[中華人民共和國]]）
* [[广州市]]（中華人民共和國）
* [[汕頭市]]（中華人民共和國）
* [[嘉義市]]（[[中華民國]]）
* [[西孟加拉邦]]（[[印度]]）
* [[萨卡特卡斯州|萨卡特卡斯]]科斯镇（[[墨西哥]]）

&lt;gallery&gt;
File:Tropicofcancer.jpg|西撒哈拉达克拉市的北回归线标志
File:Tropic of cancer nadia wb india.jpg|印度西孟加拉邦纳迪亚区的北回归线标志
File:tropic-cancer-slp-mexico.JPG|墨西哥萨卡特卡斯科斯镇东北部的北回归线标志塔
&lt;/gallery&gt;

== 參考資料 ==
{{Reflist}}

== 参见 ==
* [[南回归线]]

{{Geographical coordinates}}
{{Coord|23|26|16|N|0|0|0|W|display=title|type:landmark|name=Prime Meridian}}

[[Category:太陽]]
[[Category:季節]]
[[Category:緯線]]
[[Category:熱帶]]</str>
    <str name="title">北回归线</str>
    <str name="titleText">北回归线</str>
    <str name="user">Aa1388zz</str>
    <int name="userId">1304521</int>
    <int name="revision">33139217</int>
    <date name="timestamp">2014-10-31T07:47:24Z</date>
    <long name="_version_">1484748545191837696</long></doc>
  <doc>
    <str name="id">326550</str>
    <str name="text">'''玄教'''是[[道教]][[正一道]]的一个支派，由[[元朝]][[张天師]][[张宗演]]的弟子[[张留孙]]在[[北京]]形成的一个道派。

當時[[元朝]][[皇帝]]邀請张宗演來[[大都]]，並請其留京傳教，[[张宗演]]推說不習[[華北]]水土，返回[[江西]][[龍虎山]]，而其弟子[[張留孫]]則留在京城，並受到皇帝的恩宠，受封「玄教大宗師」，因此玄教自成一派，在[[元朝]]成为了正一道的核心，但仍遙奉龍虎山正一道張天師為教主，玄教主要传播范围在[[江南]]。

[[明朝]]以后，朝廷不承认玄教大宗师的地位，于是玄教解体，重新归入[[正一道]]。

==组织结构==

玄教的最高领导者是掌教。除第一代掌教由皇帝直接任命以外，后任都是由前任掌教选定后，由皇帝下诏任命。而后任也是在前任在世时已经确定，称为“嗣师”。

玄教的日常事务择由[[崇真万寿宫]]提点负责。

历任掌教：
#[[张留孙]]
#[[吴全节]]
#[[夏泳文]]
#[[张德隆]]
#[[于有兴]]

[[Category:道派]]</str>
    <str name="title">玄教</str>
    <str name="titleText">玄教</str>
    <str name="user">Sgsg</str>
    <int name="userId">664498</int>
    <int name="revision">14078430</int>
    <date name="timestamp">2010-08-18T05:41:00Z</date>
    <long name="_version_">1484748649441263620</long></doc>
  <doc>
    <str name="id">31352</str>
    <str name="text">{{noteTA
|T=zh-hant:南回歸線;zh-hans:南回归线;
|1=zh-hant:南回歸線;zh-hans:南回归线;
|2=zh-hant:北回歸線;zh-hans:北回归线;
|3=zh-hant:回歸運動;zh-hans:回归运动;
}}
[[File:World map with tropic of capricorn.svg|thumb|350px|世界地圖中的南回歸綫。]]
'''南回归线'''（{{lang-en|'''tropic of capricorn'''}}）是[[太阳直射点]][[回归运动]]时移到最南时所在的纬线，其纬度数值等于[[黄赤交角]]，大约在[[南纬]]23度26分。南回歸線通過的國家有：南美洲（北美洲無）－巴西、巴拉圭、阿根廷、智利。非洲－馬達加斯加、莫三比克、南非共和國、波札那、那米比亞。大洋洲－澳大利亞、社會群島。

== 地理意义 ==
南、北回归线也分别是[[南温带]]、[[北温带]]与[[热带]]的分界线；[[南极圈]]、[[北极圈]]则是90度减去回归线的度数，是[[南温带]]、[[北温带]]与[[南寒带]]、[[北寒带]]的分界线（天文五带）。

== 其他 ==
南回归线（Tropic of Capricorn）的英文名起源于二千多年前（命名这条线的时候），冬至日太阳直射到此处时，是处在[[黄道十二宫]]的[[摩羯座]]位置。现在则由于星体运动，而移动到了[[人馬座]]的位置。

《南回归线》也是著名作家[[亨利·米勒]]于1939年发表的一部小说。

[[澳大利亞]][[昆士蘭州]]有選區以[[南回歸線 (澳大利亞國會選區)|南回歸線]]命名。

== 参见 ==
{{Commonscat|Tropic of Capricorn}}
* [[北回归线]]

{{Geographical coordinates}}
{{Coord|23|26|16|S|0|0|0|W|display=title|type:landmark|name=Prime Meridian}}

[[Category:太陽]]
[[Category:季節]]
[[Category:緯線]]
[[Category:熱帶]]

[[de:Wendekreis (Breitenkreis)#Südlicher Wendekreis]]</str>
    <str name="title">南回归线</str>
    <str name="titleText">南回归线</str>
    <str name="user">Gzdavidwong</str>
    <int name="userId">157556</int>
    <int name="revision">31543476</int>
    <date name="timestamp">2014-06-09T01:08:55Z</date>
    <long name="_version_">1484748545191837697</long></doc>
  <doc>
    <str name="id">1398703</str>
    <str name="text">{{文物保护单位
|名称 = 汕头市北回归线标志塔
|图片 = 
|说明 = 
|级别 = 市、县级文物保护单位
|省名 = 广东省
|市/县名 = 汕头市
|所在 = 金平区鮀莲街道
|坐标 =&lt;!-- 请使用{{Coord}}模板 --&gt;
|分类 = 近现代重要史迹及代表性建筑
|时代 = 现代
|编号 = 
|登录 = 1988年11月19日
}}
'''汕头北回归线标志塔'''位于[[广东省]][[汕头市]][[金平区]]西部鸡笼山南麓，1984年开始筹建，1986年6月20日建成，是[[北回归线]]由东进入中国大陆后的第一个标志塔。

==简介==
汕头北回归线标志塔位于东经116度35分8.78秒，北纬23度26分32.49秒，高13.6[[米]]，底宽30米&lt;ref name=stxcb&gt;[http://ag.stxcb.com/ACont1.asp?Page=&amp;CNo=13&amp;Id=23 北回归线标志塔]&lt;/ref&gt;。标志塔塔基为由[[花岗岩]]砌成的圆形平台，主体建筑是一个是由支架承托的[[地球仪]]。支架的形状呈“北”字型，其面镶有[[汉白玉]]石片，象征[[北回归线]]。地球仪直径5米，其中轴是一根[[直径]]为45厘米的不锈钢钢管，钢管对准塔基观赏台中心设置的[[花岗石]]圆心。每年夏至太阳直射北回归线时即可在观赏台中心看到[[太阳]]经过不锈钢钢管投射下来的日影&lt;ref&gt;[http://www.gdjinping.gov.cn/jpxw/showinfo.aspx?id=1251 汕头市北回归线标志塔]&lt;/ref&gt;。观赏台的东西方向有一条黑色的石板带，是北回归线的实体化，指明此处为[[热带]]和[[温带|北温带]]分界线。此外，在标志塔所在山巅还有取自《[[山海经]]》神话命名的夸父亭和邓林亭&lt;ref name=stxcb/&gt;。

1988年11月19日，建成不久的汕头北回归线标志塔即被汕头市人民政府公布为第一批市级文物保护单位&lt;ref&gt;[http://cstc.lib.stu.edu.cn/Articleview.asp?ArticleID=3020 汕头市文物保护单位名单（一、二、三批）]&lt;/ref&gt;。

==参见==
* [[北回归线]]
* [[广州北回归线标志塔]]

==参考资料==
{{reflist}}

[[Category:汕头的塔]]
[[Category:汕头市文物保护单位]]
[[Category:金平区]]</str>
    <str name="title">汕头北回归线标志塔</str>
    <str name="titleText">汕头北回归线标志塔</str>
    <str name="user">Yinweichen-bot</str>
    <int name="userId">552715</int>
    <int name="revision">30426997</int>
    <date name="timestamp">2014-02-27T14:53:20Z</date>
    <long name="_version_">1484748981126823936</long></doc>
  <doc>
    <str name="id">2998677</str>
    <str name="text">{{Refimprove|time=2012-09-10T12:57:39+00:00 }}
'''P3M3'''是[[项目]]组合、项目群和项目管理[[成熟度]][[模型]]的简称。它是由[[英国商务部]]（OGC）开发，是行业公认的制定基线、衡量绩效改进和验证投资成效的最好办法。多年实践证明，采用P3M3作为诊断工具来评估组织能力，能更快地识别出改进机会，更好地帮助组织改善绩效。

== P3M3历史 ==
英国政府商务办公室（OGC，现更名为[[英国内阁办公室]]）于2005年发布了P3M3，旨在帮助公共部门的提高采购的标准和能力，最终实现物有所值。    

2008年6月发布了第二版本。2010年2月，内阁办公室发布了最新版本2.1。新版本跨越多个行业的项目群管理的成熟度知识，并介绍了项目组合管理的定义。它与较早的版本完全兼容，所以那些已经采用第一版本的P3M3模型进行评估的组织将能够从改进的模型的评估中看到现在的改进计划的影响。

== P3M3模型和框架 ==
P3M3模型包含：3个独立子模型，7个评估维度，5个成熟度级别：
# 3个独立子模型：即项目组合、项目群和项目管理成熟度模型。每个模型都有支撑体系的方法论，比如，项目管理模型就是该模型基于最佳实践指南和OGC的PRINCE2®手册开发的。
# 3个模型的7个核心维度：

===(1)管理控制 ===
它涵盖了提案的内部各种控制机制及其在整个生命周期里是如何保持运行方向的，包括了控制主体在需要时能恰当停止或改变其方向的恰当的制动点。

管理控制的特征是：提案全生命周期里的领导、方向、范围、阶段以及项目群阶段、评审过程。应存在定期的核查点和清晰界定的决策过程。应具备完整和清晰的目标，提案将交付什么应得到完整和清晰的描述。提案应清晰地描述产出；如果是项目群，应有蓝图（或目标运营模型）并界定了成果；如果是项目组合，应有组织蓝图（或目标运营模型）。

各种内部结构应整合以达成上述特征，控制的焦点是在容许偏差和边界范围内实现它们——容许偏差和边界由控制主体设定，并反映了更广泛的组织需求。问题应得到识别和评估，处置方法应采用结构化流程并作恰当的影响评估。

=== (2)收益管理 ===
作为一个过程，收益管理是要确保预期的商业变革成果得到了清晰的界定、可以测量，确保其通过结构化的方法最终得到实现，并且在组织范围内有最终问责人。

收益应由负责交付它们的组织单元进行评估并批准。各项收益之间的依赖关系及其他需求应清晰地界定，提案产出的方式应满足这些需求。收益应恰当分类并从总体上考虑其含义，应具备相关证据。所有的收益都应该有最终问责人，应具备实施计划，应得到积极管理以确保其实现。运营方面的转变应得到关注，后续行动也应得到充分考虑，以确保组织对这些收益负最终责任并积极实现之。

=== (3)财务管理 ===
财务是一项基本资源，对于提案的启动和控制来说会是一个关注焦点。财务管理确保提案所有可能的成本在正式的商业论证中均得到了捕捉和评估、在整个投资周期内成本均被分类和管理。
    
应有证据表明组织的财务部门恰当地开展了工作，在更广泛的组织层级中，审批机制是明确的。商业论证或类似工作应为组织界定提案的价值，应该对可能的选择作出财务判断。就一个提案的生命周期而言，商业论证是决策的关键，它也关系到正式的评审阶段和其他替换行动的成本与收益。财务管理将对资金可用性进行计划，以支持投资决策。

=== (4)利益相关方参与 ===
对任何提案来说，利益相关方都是成功的关键因素。不同层次的利益相关方，不管是组织内部的还是外部的，都需要进行分析并使之有效地参与进来，以便达成其支持和参与的目标。利益相关方参与涉及到制订沟通计划、有效识别并采用不同的沟通渠道、以及促成目标的技巧等。

利益相关方参与应视为所有提案均不可缺的过程，并且始终与提案生命周期和治理控制机制有着内在联系。

=== (5)风险管理 ===
它关注的是组织对于[[提案]]所面对威胁、所提供机会的管理办法。风险管理在威胁和机会之间取一个平衡，采取恰当的管理举措降低或消除任何已获识别威胁发生的可能性，或一旦发生则降低其影响，放大机会。它关注影响到提案的各种类型风险，包括内部和外部风险，并会重点监控产生风险的触发因素。
   
应创新且积极地应对风险，采取各种办法降低威胁、扩大机会。提案生命周期里应包含风险评审，应具备支持流程和结构以确保容忍度恰当、依托证据进行干预和变更来管理风险。

=== (6)组织治理 ===
它关注提案的交付是怎样服务于组织的战略方向的，包括启动和收尾控制机制是怎样应用于提案的，在其整个生命周期中提案又是怎样保持方向的。这有别于管理控制，后者关注提案在内部是怎样控制的，而组织治理维度关注的是外部因素对提案的影响是如何得到控制（或减轻）、促进最终结果的。有效的发起方式有利于其实现。
    
组织治理也关注组织的其他控制机制是怎样部署、标准是如何实现的，这包括法律方面和规范框架方面。它也考虑对利益相关方参与的分析层级、需求如何纳入产出及成果设计和交付的分析层级。

=== (7)资源管理 ===
资源管理涵盖了为实施所需的各种类型资源的管理，包括人力资源、建筑物、设备、供应商、信息、工具和支持团队等。资源管理的关键因素是获取资源的流程和供应链怎样提高资源利用的效率。应有证据表明开展了能力规划和排序，这才能进行有效的资源管理。绩效管理和机会挖掘也应得到开展。资源能力规划应考虑到运营方面为变革所储备的资源。

== P3M3成熟度级别 ==
成熟度等级使组织能够识别出沿着他们所选择的道路的过程改进途径。这个过程被视作长期的战略承诺，而不是即时战术问题的快速解决。虽然短期快速的改进能够实现特定的目标，P3M3的真正的好处通过持续的过程改进实现。

P3M3使用一个五级的成熟度框架，五级的成熟度级别如下：

'''Level 1-awareness of process  第一级-初始级'''

处于第一级成熟度的组织可能会取得一些成功的活动，但这些通常是基于关键个人的能力，而不是整个组织的知识和能力。此外，这种“成功”通常是以预算和计划的超出为代价的，由于正是流程的缺乏，处于第一层级的组织会透支自己的承诺，在危机中放弃原则，并且不能一如既往的重复过去的成功经验。没有规划和执行的支持，过程的接受是很有限的。

'''Level 2-repeatable process  第二级-可重复级'''

通过引用特定的活动，组织将能够建立基本的管理实践——例如跟踪开支、进度和调度资源——并且这些流程在不断发展。有能够展示成功的过程记录或与此相类似的关键个人，通过他们，组织能够在将来重复过去的成功做法。

'''Level 3-defined process  第三级-定义级'''

第二级别和第三级别的关键的区别在于范围定义的标准、流程的描述和过程——例如明确的目标、输入、活动、角色、验证步骤、输出和验收标准。这使得组织对过程的管理更加积极主动，这又是通过对流程和产品的相互关系和措施的理解实现的。这些标准的流程可依照指引进行剪裁，以便适应特定的环境。

'''Level 4-managed process  第四级-管理级'''

第四级的特征是拥有成熟的能够被定量管理的行为和流程——例如，使用度量和定量的技术进行控制。有关于质量和流程性能的量化目标，这些将被作为管理流程的标准。收集到的测量数据将有助于建立组织整体的性能测量框架，对分析项目组合也是必要的，也有助于确定当前的能力和能力限制。

'''Level 5-optimized process  第五级-优化级'''

组织从过程和产品度量中获得的知识将使它了解变化的原因，从而能优化其性能。从已固化的流程和验证创新的理念、技术中得到定量反馈使组织流程能够持续改进。有一个可靠的框架来处理治理、组织治理和绩效管理等方面的问题。组织将能够展示其组织目标与商业计划的一致性，这些将通过对范围、发起人、承诺、计划、资源分配、风险管理、收益实现的综合管理实现。

== P3M3评估的优势 ==

#对标一个标准而非其他组织。
#有助于判断您达成愿景所需的能力级别。
#关注的是组织成熟度，而非个人、项目或者项目群。
#根据成熟度路径，为组织提供客观的劣势与优势评估。
#为进一步投资于项目群和项目管理的基础设施提供论证。
#有利于对后续进展的规划。

== P3M3评估的十步模型 ==
#确定范围
#选择评估的模型
#选择评估的方法
#发放在线调研问卷（条件允许时）
#进行数据汇总和采样
#访谈
#将在线调研结果与样本数据及各项访谈进行比对
#制作报告草稿
#报告评估结果
#最终报告定稿

== P3M3评估类别 ==
=== P3M3评估主要分为三类： ===
# 认证评估：该评估包含详细的分析，以及APMG的正式认证。这种方式适用于已经开展过评估，并且有信心迈上更好的成熟度等级的组织。
# 诊断与改进评估：诊断与改进评估由专业咨询机构开展。这类评估最适用于正打算提升成熟度的组织，这些组织多是刚刚起步,或想做一个中期评估来检查自己的进展。
# 发现评估：发现评估是对那些希望了解自己目前位置的组织开展的基础性的定位评估。每个模型的在线调查都用30多个问题来构建绩效测量基线；这套服务系统还能收集受访人意见，并可以延伸开展技能评估。

=== 典型案例： ===
经过全球150多家组织的实践和论证，投资项目管理成熟度模型，能够为组织实现多个维度的量化收益：
 
'''1.在给定的绩效目标下，有效匹配相应的项目管理能力'''

据[[伦敦]][[地铁]]的首席财务官在2011年5月指出，通过使用P3M3成熟度评估过程，3年半时间内年节省了7亿美元，在今后两年继续迈上新一级项目管理成熟度台阶时预计将累计节省15亿美元。
  
'''2.提高按时交付的比例'''

实践证明，[[通用汽车]]完按时成项目里程碑的比率从50%提高到85%；摩根大通平均延误项目交付日期比原来降低了70-80%。

'''3.提高项目交付的质量'''

据统计，[[西门子]]信息系统有限公司在三个技术领域中缺陷率平均降低了71%。
 
'''4.降低成本'''

[[通用动力]]公司先进的信息系统，减少了 64% 的维护人员成本，同时组织规模增大了一倍。

'''5.提高生产力'''

澳大利亚应用管理服务ᨀ供数据，其生产率提高了20%。

'''6.提高客户满意度'''

诺斯洛普格，国防企业解决方案收到了超过98% 的顾客奖励费。

'''7.提高投资回报率'''
[[路透社]]表示，通过减少释放后的缺陷使投资回报率ᨀ提高到原来的3 倍。

== 扩展阅读 ==
# http://www.wowproject.org/consult_detailed.asp?productid=433
# http://www.wowproject.org/consult_detailed.asp?productid=471
# http://www.wowproject.org/index.asp

[[Category:项目管理]]</str>
    <str name="title">P3M3</str>
    <str name="titleText">P3M3</str>
    <str name="user">NigelSoft-Bot</str>
    <int name="userId">1591267</int>
    <int name="revision">30770016</int>
    <date name="timestamp">2014-03-22T03:42:19Z</date>
    <long name="_version_">1484749264292675587</long></doc>
  <doc>
    <str name="id">1760415</str>
    <str name="text">[[Image:Anscombe's quartet 3.svg|right|425px|thumb|安斯库姆四重奏的四组数据图表]]
'''安斯库姆四重奏'''（{{lang|en|Anscombe's quartet}}）是四组基本的统计特性一致的数据，但由它们绘制出的图表则截然不同。每一组数据都包括了11个(''x'',''y'')点。这四组数据由统计学家[[弗朗西斯·安斯库姆]]（Francis Anscombe）于1973年构造，他的目的是用来说明在分析数据前先绘制图表的重要性，以及[[离群值]]对统计的影响之大。

这四组数据的共同统计特性如下：
{| class="wikitable"
! 性质
! 数值
|-
| ''x''的[[平均数]]
| 9
|-
| ''x''的[[方差]]
| 11
|-
| ''y''的平均数
| 7.50（精确到小数点后两位）
|-
| ''y''的方差
| 4.122或4.127（精确到小数点后三位）
|-
| ''x''与''y''之间的[[相关系数]]
| 0.816（精确到小数点后三位）
|-
| [[线性回归]]线
| &lt;math&gt;y=3.00 + 0.500x&lt;/math&gt;（分别精确到小数点后两位和三位）
|}

在四幅图中，由第一组数据绘制的图表（左上图）是看起来最“正常”的，可以看出两个随机变量之间的相关性。从第二组数据的图表（右上图）则可以明显地看出两个随机变量间的关系是非线性的。第三组中（左下图），虽然存在着线性关系，但由于一个离群值的存在，改变了线性回归线，也使得相关系数从1降至0.81。最后，在第四个例子中（右下图），尽管两个随机变量间没有线性关系，但仅仅由于一个离群值的存在就使得相关系数变得很高。

[[爱德华·塔夫特]]（Edward Tufte）在他所著的《图表设计的现代主义革命》（''The Visual Display of Quantitative Information''）一书的第一页中，就使用安斯库姆四重奏来说明绘制数据图表的重要性。

四组数据的具体取值如下所示。其中前三组数据的''x''值都相同。

{| class="wikitable" style="text-align: center; margin-left:auto; margin-right:auto;"  border="1"
|+ 安斯库姆四重奏
|-
! colspan="2"| 一
! colspan="2"| 二
! colspan="2"| 三
! colspan="2"| 四
|-
| x 
| y 
| x 
| y  
| x 
| y 
| x 
| y   
|-
| 10.0 ||  8.04 || 10.0 ||  9.14 || 10.0 ||  7.46 ||  8.0 ||  6.58
|-
|  8.0 ||  6.95 ||  8.0 ||  8.14 ||  8.0 ||  6.77 ||  8.0 ||  5.76
|-
| 13.0 ||  7.58 || 13.0 ||  8.74 || 13.0 || 12.74 ||  8.0 ||  7.71
|-
|  9.0 ||  8.81 ||  9.0 ||  8.77 ||  9.0 ||  7.11 ||  8.0 ||  8.84
|-
| 11.0 ||  8.33 || 11.0 ||  9.26 || 11.0 ||  7.81 ||  8.0 ||  8.47
|-
| 14.0 ||  9.96 || 14.0 ||  8.10 || 14.0 ||  8.84 ||  8.0 ||  7.04
|-
|  6.0 ||  7.24 ||  6.0 ||  6.13 ||  6.0 ||  6.08 ||  8.0 ||  5.25
|-
|  4.0 ||  4.26 ||  4.0 ||  3.10 ||  4.0 ||  5.39 || 19.0 || 12.50
|-
| 12.0 || 10.84 || 12.0 ||  9.13 || 12.0 ||  8.15 ||  8.0 ||  5.56
|-
|  7.0 ||  4.82 ||  7.0 ||  7.26 ||  7.0 ||  6.42 ||  8.0 ||  7.91
|-
|  5.0 ||  5.68 ||  5.0 ||  4.74 ||  5.0 ||  5.73 ||  8.0 ||  6.89
|}

== 参考文献 ==
* F.J. Anscombe, [http://links.jstor.org/sici?sici=0003-1305%28197302%2927%3A1%3C17%3AGISA%3E2.0.CO%3B2-J "Graphs in Statistical Analysis,"] American Statistician, 27 (February 1973), 17-21.
* Tufte, Edward R. (2001). ''The Visual Display of Quantitative Information,'' 2nd Edition, Cheshire, CT: Graphics Press. ISBN 0961392142
* Sangit Chatterjee and Aykut Firat (2007). "Generating Data with Identical Statistics but Dissimilar Graphics: A Follow up to the Anscombe Dataset", American Statistician, 61(3), 248-254. [[doi:10.1198/000313007X220057]]

== 外部链接 ==
* [http://www.upscale.utoronto.ca/GeneralInterest/Harrison/Visualisation/Visualisation.html Department of Physics, University of Toronto]
* [http://exploringdata.cqu.edu.au/curv_fit.htm Curve fitting, Central Queensland University, Australia]
* [http://physics.info/linear-regression/practice.shtml Practice Problems, Linear Regression, The Physics Hypertextbook] (See practice problem 4.)

[[Category:统计图表]]</str>
    <str name="title">安斯库姆四重奏</str>
    <str name="titleText">安斯库姆四重奏</str>
    <str name="user">Addbot</str>
    <int name="userId">1382735</int>
    <int name="revision">25608614</int>
    <date name="timestamp">2013-03-13T20:31:35Z</date>
    <long name="_version_">1484749086996299777</long></doc>
  <doc>
    <str name="id">19196</str>
    <str name="text">'''Q简语'''是一种标准化的三字母通信简略语，因短语开头字母均为“Q”而得名。

Q简语最初用于商业无线电通信，后来延伸到各个领域，特别是[[业余无线电]]通信。 虽然Q简语最初专用于[[莫尔斯电码]]通信，但是现在也用于语音通信。为了避免混淆，没有一个国家的呼号以"Q"开头（但有时会有例外，如VE3QRP是低功率通信的业余电台）。Q简语中，QAA到QNZ供航空领域使用，QOA到QOZ供航海领域使用, QRA到QUZ供所有服务使用。

==早期发展==
大约 1909年，由[[英国]]政府在一份文件&lt;ref&gt;list of abbreviations... prepared for the use of British ships and coast stations licensed by the Postmaster-General&lt;/ref&gt;中提出。因为Q简语使得讲不同语言的人在海上的无线电通信变得简便，所以Q简语很快国际化。1912年， 一共40个Q简语出现在第三次[[国际无线电报公约]]事务条例的一个列表中&lt;ref&gt;List of Abbreviations to be used in Radio Communications&lt;/ref&gt;。
这是1912年公布的的Q简语，语义与现行Q简语有所不同。
{| class="wikitable" summary="这是1912年公布的的Q简语，含义与现在有所不同"
|-----
! valign="top" | Q简语
! 问句含义
! 答句含义.
|+ '''以下12个Q简语在1912公布'''
|-----
| valign="top" | QRA
| valign="top" | 你台名称是?
| valign="top" | 我台名称是⋯⋯.
|-----
| valign="top" | QRB
| valign="top" | 你台离我台多远？
| valign="top" | 我们的距离是⋯⋯.
|-----
| valign="top" | QRC
| valign="top" | 你台真方位角是？
| valign="top" | 我台方位是⋯⋯.
|-----
| valign="top" | QRD
| valign="top" | 你准备前往哪里?
| valign="top" | 我准备前往⋯⋯.
|-----
| valign="top" | QRF
| valign="top" | 你来自哪里？
| valign="top" | 我来自⋯⋯.
|-----
| valign="top" | QRG
| valign="top" | 你台航线是?
| valign="top" | 我台航线是⋯⋯.
|-----
| valign="top" | QRH
| valign="top" | 你台波长是(米制)? 
| valign="top" | 你台波长是⋯⋯(米制).
|-----
| valign="top" | QRJ
| valign="top" | 你要传送多少字? 
| valign="top" | 我要传送⋯⋯字.
|-----
| valign="top" | QRK
| valign="top" | 你能听到我么? 
| valign="top" | 我能收到.
|-----
| valign="top" | QRL
| valign="top" | 你接收良好么? 需要我发送 20组 &lt;tt&gt;'''...-.'''&lt;/tt&gt; 作为调整? 
| valign="top" | 接收不好，请发送 20组 &lt;tt&gt;'''...-.'''&lt;/tt&gt; 作为调整? 
|-----
| valign="top" | QRM
| valign="top" | 你受他台干扰么? 
| valign="top" | 你受他台干扰么.
|-----
| valign="top" | QRN
| valign="top" | 大气干扰严重么? 
| valign="top" | 大气干扰严重.
|}

==之后使用==
多年以来，一些Q简语被修改，以适应业务变化。在最早的国际列表中，QSW/QSX表示“我应增加/减少我的火花频率？”。这两个Q简语失效于1920年，当年[[火花隙式发射机]]禁止在[[美国]]使用。

一些Q简语用于[[民用航空]]领域，特别是QNH和QFE，这些简语用于[[空中交通管制]]的无线电通信。''QRA''到''QUZ''由[[国际电信联盟|国际电讯联盟]]规定用于所有服务。&lt;ref&gt;http://www.globalsecurity.org/military/library/policy/navy/nrtc/14244_ch4.pdf&lt;/ref&gt;''QAA''...''QNZ'' 由[[国际民用航空组织]]规定基本用于航空服务&lt;ref&gt;http://www.airwaysmuseum.com/Q%20code.htm&lt;/ref&gt;。&lt;ref&gt;[[ICAO]] PANS (Procedures for Air Navigation Services) Doc 8400 : The ICAO Q Code.&lt;/ref&gt; ''QOA''到''QQZ''保留给航海业务，''QVA''到''QZZ''没有分配。&lt;ref&gt;http://www.portland-amateur-radio-club.org.uk/resources/q-codes.pdf&lt;/ref&gt; 

许多军事和其他使用莫尔斯电码的组织使用其他的代码，包括大多数欧洲及北约国家使用的[[Z简语]]。

在本条目中列举出的使用同一Q简语表示问答的方法大多用于军事和业余无线电通信中。

==Q简语列表==
国际常用的Q简语如下：

{| class="wikitable"
! '''Q简语'''
! '''问句含义'''
! '''答句含义'''
|-
| QRA
| 你的电台名称是？
| 我的电台名称是...
|-
| QRB
| 你台离我台多远？ 
| 我们相距约为...
|-
| QRG
| 我的准确频率是多少？
| 你的准确频率是...
|-
| QRI
| 我的音调如何？
| 你的音调是(T1-T9)
|-
| QRJ
| 我的信号小吗？
| 你的信号小
|-
| QRK
| 我的信号可辨度是多少？
| 你的信号可辨度是(R1-R5)
|-
| QRL
| 你忙吗？
| 我正忙
|-
| QRM
| 你受到他台干扰吗？
| 我正受到他台干扰 1.无 2.稍有 3.中等 4.严重 5.极端
|-
| QRN
| 你受到天电干扰吗？
| 我正受到天电干扰 1.无 2.稍有 3.中等 4.严重 5.极端
|-
| QRO
| 要我增加发信功率吗？
| 请增加发信功率
|-
| QRP
| 要我减低发信功率吗？
| 请减低发信功率
|-
| QRQ
| 要我发得快些吗？
| 请发快些
|-
| QRS
| 要我发得慢些吗？
| 请发慢些
|-
| QRT
| 要我停止拍发吗？
| 请停止拍发
|-
| QRU
| 你有事吗？
| 无事
|-
| QRV
| 你准备好了吗？
| 我已准备好了
|-
| QRW
| 需要我转告吗？
| 请转告
|-
| QRX
| 要我等多长时间？
| 请等待... ...分钟
|-
| QRZ
| 谁在呼叫我？
| ...KHz/MHz正在呼叫你
|-
|-
| QSA
| 我的信号强度是多少？
| 你的信号强度是...
|-
| QSB
| 我的信号有衰落吗？
| 你的信号强度是，1.几乎不能抄收 2.弱 3.还好 4.好 5.很好
|-
| QSD
| 我的信号不完整吗?
| 你的信号不完整
|-
| QSL
| 你确认收妥／[[QSL卡|QSL卡片]]吗？
| 我确认收妥／QSL卡片
|-
| QSO
| 你能否和...直接（或转接）通信？
| 你能和...直接（或转接）通信？
|-
| QSP
| 你能中转到...吗？
| 我能中转到...
|-
| QSU
| 能在这个频率(或某个频率)回复吗？
| 我将在此频率(或某频率)回复
|-
| QSV
| 有天电干扰要我在此频率发一串 V 字吗？
| 请在此频率发一串 V 字
|-
| QSW
| 你将在此频率(或某频率)发吗？
| 我将在此频率(或某频率)发
|-
| QSX
| 你将在某频率收听吗？
| 我将在某频率收听
|-
| QSY
| 要我改用其他频率拍发吗？
| 请改用...KHz/MHz拍发
|-
| QSZ
| 要我每组发两遍吗？
| 请每组发两遍
|-
| QTB
| 要我查对组数吗？
| 请查对组数
|-
| QTC
| 你有几份报要发？
| 我有...份报要发
|-
| QTH
| 你的地理位置是？
| 我的地理位置是... 
|-
| QTR
| 你的标准时间是？
| 我的标准时间是...
|}

==参见==
{{Reflist}}

==外部链接== 
* [http://life.itu.ch/radioclub/rr/m1172.htm#Section 国际电联Q简语列表] 
[[Category:通信技术]]
[[Category:无线电]]</str>
    <str name="title">Q简语</str>
    <str name="titleText">Q简语</str>
    <int name="revision">33076542</int>
    <date name="timestamp">2014-10-25T05:02:46Z</date>
    <long name="_version_">1484748540203761664</long></doc>
  <doc>
    <str name="id">3063012</str>
    <str name="text">* 1930年，[[梁思成]]与[[张锐 (市政学)|张锐]]主持的'''[[天津特别市物质建设方案|哪部城市规划方案]]'''又称“梁张方案”？
* '''[[沪宁线动车组|哪些动车组列车]]'''曾大量开行于[[沪宁线]]，目前已经全部停运？
* 由[[理想气体]]构成的[[混合物]]，某一气体组分的'''[[摩尔分数|哪个无量纲量]]'''可由该气体的分压与气体混合物总压的比值表示？
* '''[[肯尼思·格拉姆|哪一位作家]]'''創作兒童文學小說《[[柳林中的風聲]]》？</str>
    <str name="title">Wikipedia:新条目推荐/供稿/2012年10月9日</str>
    <str name="titleText">Wikipedia:新条目推荐/供稿/2012年10月9日</str>
    <str name="user">Liangent-bot</str>
    <int name="userId">504154</int>
    <int name="revision">23154921</int>
    <date name="timestamp">2012-10-09T11:00:22Z</date>
    <long name="_version_">1484749282933211140</long></doc>
  <doc>
    <str name="id">3369692</str>
    <str name="text">'''副耳'''，别称'''附耳'''、'''付耳'''、'''耳赘'''，俗称'''小耳'''、'''[[拴马桩 (消歧义)|拴马桩]]'''，指[[人类]][[胚胎]]发育时第一[[鳃弓]]发育不正常而导致[[耳屏]]前方与口角的连线上长出大小不一的一个或多个多余的瘤状组织。这些组织多数情况由皮肤组织和软骨组成，常有毛发，时有细血管，极少数含有神经组织。多数情况并不影响听力。长有副耳的人出于美容目的，可以进行整形手术将副耳切除。若确定没有细血管或神经组织可直接切除，若有需进行局部麻木切除手术。

{{小作品}}

{{DEFAULTSORT:F}}
[[分类:耳]]</str>
    <str name="title">副耳</str>
    <str name="titleText">副耳</str>
    <str name="user">Baomi</str>
    <int name="userId">942794</int>
    <int name="revision">30037999</int>
    <date name="timestamp">2014-02-01T16:15:34Z</date>
    <long name="_version_">1484749356488720386</long></doc>
  <doc>
    <str name="id">347116</str>
    <str name="text">'''现代投资组合理论'''（'''Modern Portfolio Theory'''）归结了[[理性]]投资者如何利用[[分散投资]]来优化他们的[[投资组合]]。在理论中，资产的回报是一个[[随机变量]]。 既然一个投资组合是资产的加权组合，投资组合的回报也应该是一个[[随机变量]]，投资组合的回报因此有一个[[期望值]]和一个[[方差]]。在模型中，风险被确定为投资组合回报的[[标准差]]。 近些年来, MPT的基本假设受到了[[行为金融学|行为经济学]]的广泛挑战

== 风险与回报 ==
现代投资组合理论假定投资者为规避风险（Risk Averse）的投资者。如果两个资产拥有相同预期回报，投资者会选择其中风险小的那一个。只有在获得更高预期回报的前提下，投资者才会承担更大风险。换句话说，如果一个投资者想要获取更大回报，他（她）就必须接受更大的风险。一个[[理性]]投资者会在几个拥有相同预期回报的投资组合中间选择其中风险最小的那一个投资组合。另一种情况是如果几个投资组合拥有相同的投资风险，投资者会选择预期回报最高的那一个。这样的投资组合被称为最佳投资组合（Efficient Portfolio）。 

== 均值－方差分析和马科维茨效率前缘 ==
* 一般地说：
:* 投资组合预期回报：	 
::&lt;math&gt; \operatorname{E}(R_p) = \sum_{i=1}^n w_i \operatorname{E}(R_i) \quad &lt;/math&gt;

:: R是期望回报， &lt;math&gt;w_i&lt;/math&gt;是第 i 类投资资产的权重（占总投资的比例）

:* 投资组合方差：
::&lt;math&gt; \sigma_p^2 = \sum_{i=1}^n \sum_{j=1}^n w_i w_j \sigma_{ij} = \sum_{i=1}^n \sum_{j=1}^n w_i w_j \sigma_i \sigma_j \rho_{ij} &lt;/math&gt;

:* 投资组合波动：
::&lt;math&gt;  \sigma_p = \sqrt {\sigma_p^2} &lt;/math&gt;

* 对于包含两个资产的投资组合：
:* 投资组合预期回报：	&lt;math&gt; \operatorname{E}(R_p) = w_A \operatorname{E}(R_A) + (1 - w_A) \operatorname{E}(R_B) = w_A \operatorname{E}(R_A) + w_B \operatorname{E}(R_B) &lt;/math&gt;
:* 投资组合方差：	&lt;math&gt; \sigma_p^2  = w_A^2 \sigma_A^2  + w_B^2 \sigma_B^2 + 2w_Aw_B \sigma_{AB} &lt;/math&gt;

* 对于包含三个资产的投资组合，方差为：
::&lt;math&gt; w_A^2 \sigma_A^2  + w_B^2 \sigma_B^2 + w_C^2 \sigma_C^2 + 2w_Aw_B \sigma_{AB}  + 2w_Aw_C \sigma_{AC} + 2w_B w_C \sigma_{BC} &lt;/math&gt;

马科维茨效率前缘（Markowitz Efficient Frontier）是所有最佳投资组合（Efficient Portfolio）的集合。效率前缘曲线上面的每一点都代表一个最佳投资组合，也就是在给定任意一个相同预期回报的条件下风险最低的投资组合。

== 市场投资组合 ==
马科维茨模型前缘包括了所有的最佳投资组合。夏普比率（Sharpe Ratio）是每一个资产组合提供的额外的回报（高于[[无风险收益率]]的回报）除以它所带来的风险（以[[标准差]]衡量）的比率。夏普比率越高，每一个单位的风险带来的回报就越高。马科维茨效率前缘曲线上拥有最高夏普比率的最佳投资组合称为市场投资组合（Market Portfolio）。

== 无风险资产 ==
无风险资产（Risk Free Asset）提供无风险回报。无风险资产通常是短期政府[[债券]]。

== 资本市场线 ==
马科维茨效率前缘曲线上的投资组合里并不包含无风险资产。如果将市场投资组合和无风险资产组合在一起，其结果是资本市场线（Capital Market Line 或 CML）。资本市场线上每一点代表的投资组合比效率前缘曲线上的投资组合更加优化。这样，理性投资者将投资一部分资金到无风险资产，其余的资金投在市场投资组合里。

资本市场线（CML）的方程是：

:&lt;math&gt;CML : E(R_{C}) = R_F + \sigma_C  \frac{E(R_M) - R_F}{\sigma_M}&lt;/math&gt;

* 投资组合C是市场投资组合M和无风险资产的组合
* &lt;math&gt;R_F&lt;/math&gt; 是无风险回报
* &lt;math&gt;E(R_M)&lt;/math&gt; 是市场投资组合的期望回报
* &lt;math&gt;\sigma_C&lt;/math&gt; 是投资组合C的投资风险
* &lt;math&gt;\sigma_M&lt;/math&gt; 是市场投资组合的投资风险

== 资本资产定价模型 ==
[[资本资产定价模型]]（Capital Asset Pricing Model）可以表示为： 
:&lt;math&gt; \operatorname{E}(R_p) = R_f + \beta_p (\operatorname{E}(R_m) - R_f) &lt;/math&gt;

* &lt;math&gt; \beta &lt;/math&gt;，Beta，是投资组合''p'' 的[[系统风险]]，衡量对市场走向的敏感度。

* &lt;math&gt; (\operatorname{E}(R_m) - R_f) &lt;/math&gt; 是市场溢价（Market Premium）。

== 证券市场线 ==
[[Beta系数|Beta]]与期望回报之间的关系可以用证券市场线（Securities Market Line 或 SML）来表示。

证券市场线（SML）的方程是：

:&lt;math&gt; SML: E(R_i) - R_F = \beta_i (E(R_M) - R_F) \frac{}{} &lt;/math&gt;

* 证券市场线的[[斜率]]是 &lt;math&gt; (\operatorname{E}(R_M) - R_F)&lt;/math&gt;。
== 参见 ==
* [[哈利·馬可維茲]]
* [http://www.caibai.cn/tutorials_details.php?tutorial_id=30 财经百科: 投资组合与分散]
* [http://www.fastocks.com/cn/ 股票投资组合最优化]
{{Financial risk}}
[[Category:证券]]
[[Category:金融学]]
[[Category:财务管理]]
[[Category:金融風險]]</str>
    <str name="title">现代投资组合理论</str>
    <str name="titleText">现代投资组合理论</str>
    <str name="user">Galois fu</str>
    <int name="userId">745741</int>
    <int name="revision">26850965</int>
    <date name="timestamp">2013-06-11T19:05:50Z</date>
    <long name="_version_">1484748652857524230</long></doc>
</result>
</response>
